2025-07-22 00:12:05,845 - ERROR - Connection error for https://www.amazon.com.tr/dp/B007WQJSZI/?coliid=I11F441CU6YGK1&colid=23A34QHGOQ5YA&ref_=list_c_wl_lv_ov_lig_dp_it&th=1&psc=1: ('Connection aborted.', ConnectionResetError(10054, 'An existing connection was forcibly closed by the remote host', None, 10054, None))
2025-07-22 00:18:29,869 - ERROR - Connection error for https://www.amazon.com.tr/gp/product/B08DL2NHPL/ref=ox_sc_saved_image_4?smid=A1UNQM1SR2CHM&psc=1: HTTPSConnectionPool(host='www.amazon.com.tr', port=443): Read timed out.
2025-07-22 00:19:47,391 - ERROR - Connection error for https://www.amazon.com.tr/gp/product/B08DL2NHPL/ref=ox_sc_saved_image_4?smid=A1UNQM1SR2CHM&psc=1: HTTPSConnectionPool(host='www.amazon.com.tr', port=443): Read timed out.
2025-07-22 00:20:01,646 - ERROR - All 2 retries failed for product ID 11 (https://www.amazon.com.tr/gp/product/B08DL2NHPL/ref=ox_sc_saved_image_4?smid=A1UNQM1SR2CHM&psc=1).
2025-07-22 00:21:20,441 - ERROR - Timeout occurred for https://www.amazon.com.tr/dp/B00M3SPIQI?ref=cm_sw_r_cso_wa_apin_dp_YTSQA34SYXZPH10C1AMG&ref_=cm_sw_r_cso_wa_apin_dp_YTSQA34SYXZPH10C1AMG&social_share=cm_sw_r_cso_wa_apin_dp_YTSQA34SYXZPH10C1AMG&previewDoh=1
2025-07-22 00:21:58,413 - ERROR - Timeout occurred for https://www.amazon.com.tr/dp/B00M3SPIQI?ref=cm_sw_r_cso_wa_apin_dp_YTSQA34SYXZPH10C1AMG&ref_=cm_sw_r_cso_wa_apin_dp_YTSQA34SYXZPH10C1AMG&social_share=cm_sw_r_cso_wa_apin_dp_YTSQA34SYXZPH10C1AMG&previewDoh=1
2025-07-22 00:22:12,660 - ERROR - All 2 retries failed for product ID 13 (https://www.amazon.com.tr/dp/B00M3SPIQI?ref=cm_sw_r_cso_wa_apin_dp_YTSQA34SYXZPH10C1AMG&ref_=cm_sw_r_cso_wa_apin_dp_YTSQA34SYXZPH10C1AMG&social_share=cm_sw_r_cso_wa_apin_dp_YTSQA34SYXZPH10C1AMG&previewDoh=1).
2025-07-22 00:26:56,135 - ERROR - Connection error for https://www.trendyol.com/bissell/spinwave-cordless-kablosuz-zemin-silme-makinesi-p-125828676?boutiqueId=61: ('Connection aborted.', ConnectionResetError(10054, 'An existing connection was forcibly closed by the remote host', None, 10054, None))
2025-07-22 00:27:10,385 - ERROR - All 2 retries failed for product ID 21 (https://www.trendyol.com/bissell/spinwave-cordless-kablosuz-zemin-silme-makinesi-p-125828676?boutiqueId=61).
2025-07-22 00:30:39,080 - ERROR - All 2 retries failed for product ID 25 (https://www.trendyol.com/xiaomi/router-ax1500-wifi-6-2-4ghz-5ghz-p-854126763?boutiqueId=681310&merchantId=968&v=1.27.2&utm_campaign=DonanimHaber&utm_medium=referral&utm_source=DonanimHaber).
2025-07-22 00:32:11,611 - ERROR - All 2 retries failed for product ID 27 (https://www.trendyol.com/grillmate/gm60-katlanir-ayakli-ve-dokum-izgarali-mangal-p-804298355).
2025-07-22 00:32:34,092 - ERROR - Timeout occurred for https://www.hepsiburada.com/sonoff-mini-r4-matter-akilli-role-p-HBCV00005TO34S
2025-07-22 01:18:30,615 - ERROR - Timeout occurred for https://www.hepsiburada.com/yatsan-one-by-tempur-20-cm-yatak-p-HBCV00000GSHTW
2025-07-22 01:18:41,359 - ERROR - SELENIUM: Beklenmedik bir hata oluştu: Could not reach host. Are you offline?
Traceback (most recent call last):
  File "C:\Users\Harun\PycharmProjects\amazonpricealertTelegramBot\.venv\Lib\site-packages\urllib3\connectionpool.py", line 787, in urlopen
    response = self._make_request(
        conn,
    ...<10 lines>...
        **response_kw,
    )
  File "C:\Users\Harun\PycharmProjects\amazonpricealertTelegramBot\.venv\Lib\site-packages\urllib3\connectionpool.py", line 488, in _make_request
    raise new_e
  File "C:\Users\Harun\PycharmProjects\amazonpricealertTelegramBot\.venv\Lib\site-packages\urllib3\connectionpool.py", line 464, in _make_request
    self._validate_conn(conn)
    ~~~~~~~~~~~~~~~~~~~^^^^^^
  File "C:\Users\Harun\PycharmProjects\amazonpricealertTelegramBot\.venv\Lib\site-packages\urllib3\connectionpool.py", line 1093, in _validate_conn
    conn.connect()
    ~~~~~~~~~~~~^^
  File "C:\Users\Harun\PycharmProjects\amazonpricealertTelegramBot\.venv\Lib\site-packages\urllib3\connection.py", line 741, in connect
    sock_and_verified = _ssl_wrap_socket_and_match_hostname(
        sock=sock,
    ...<14 lines>...
        assert_fingerprint=self.assert_fingerprint,
    )
  File "C:\Users\Harun\PycharmProjects\amazonpricealertTelegramBot\.venv\Lib\site-packages\urllib3\connection.py", line 920, in _ssl_wrap_socket_and_match_hostname
    ssl_sock = ssl_wrap_socket(
        sock=sock,
    ...<8 lines>...
        tls_in_tls=tls_in_tls,
    )
  File "C:\Users\Harun\PycharmProjects\amazonpricealertTelegramBot\.venv\Lib\site-packages\urllib3\util\ssl_.py", line 480, in ssl_wrap_socket
    ssl_sock = _ssl_wrap_socket_impl(sock, context, tls_in_tls, server_hostname)
  File "C:\Users\Harun\PycharmProjects\amazonpricealertTelegramBot\.venv\Lib\site-packages\urllib3\util\ssl_.py", line 524, in _ssl_wrap_socket_impl
    return ssl_context.wrap_socket(sock, server_hostname=server_hostname)
           ~~~~~~~~~~~~~~~~~~~~~~~^^^^^^^^^^^^^^^^^^^^^^^^^^^^^^^^^^^^^^^
  File "C:\Users\Harun\AppData\Local\Programs\Python\Python313\Lib\ssl.py", line 455, in wrap_socket
    return self.sslsocket_class._create(
           ~~~~~~~~~~~~~~~~~~~~~~~~~~~~^
        sock=sock,
        ^^^^^^^^^^
    ...<5 lines>...
        session=session
        ^^^^^^^^^^^^^^^
    )
    ^
  File "C:\Users\Harun\AppData\Local\Programs\Python\Python313\Lib\ssl.py", line 1076, in _create
    self.do_handshake()
    ~~~~~~~~~~~~~~~~~^^
  File "C:\Users\Harun\AppData\Local\Programs\Python\Python313\Lib\ssl.py", line 1372, in do_handshake
    self._sslobj.do_handshake()
    ~~~~~~~~~~~~~~~~~~~~~~~~~^^
ConnectionResetError: [WinError 10054] An existing connection was forcibly closed by the remote host

During handling of the above exception, another exception occurred:

Traceback (most recent call last):
  File "C:\Users\Harun\PycharmProjects\amazonpricealertTelegramBot\.venv\Lib\site-packages\requests\adapters.py", line 486, in send
    resp = conn.urlopen(
        method=request.method,
    ...<9 lines>...
        chunked=chunked,
    )
  File "C:\Users\Harun\PycharmProjects\amazonpricealertTelegramBot\.venv\Lib\site-packages\urllib3\connectionpool.py", line 841, in urlopen
    retries = retries.increment(
        method, url, error=new_e, _pool=self, _stacktrace=sys.exc_info()[2]
    )
  File "C:\Users\Harun\PycharmProjects\amazonpricealertTelegramBot\.venv\Lib\site-packages\urllib3\util\retry.py", line 474, in increment
    raise reraise(type(error), error, _stacktrace)
          ~~~~~~~^^^^^^^^^^^^^^^^^^^^^^^^^^^^^^^^^
  File "C:\Users\Harun\PycharmProjects\amazonpricealertTelegramBot\.venv\Lib\site-packages\urllib3\util\util.py", line 38, in reraise
    raise value.with_traceback(tb)
  File "C:\Users\Harun\PycharmProjects\amazonpricealertTelegramBot\.venv\Lib\site-packages\urllib3\connectionpool.py", line 787, in urlopen
    response = self._make_request(
        conn,
    ...<10 lines>...
        **response_kw,
    )
  File "C:\Users\Harun\PycharmProjects\amazonpricealertTelegramBot\.venv\Lib\site-packages\urllib3\connectionpool.py", line 488, in _make_request
    raise new_e
  File "C:\Users\Harun\PycharmProjects\amazonpricealertTelegramBot\.venv\Lib\site-packages\urllib3\connectionpool.py", line 464, in _make_request
    self._validate_conn(conn)
    ~~~~~~~~~~~~~~~~~~~^^^^^^
  File "C:\Users\Harun\PycharmProjects\amazonpricealertTelegramBot\.venv\Lib\site-packages\urllib3\connectionpool.py", line 1093, in _validate_conn
    conn.connect()
    ~~~~~~~~~~~~^^
  File "C:\Users\Harun\PycharmProjects\amazonpricealertTelegramBot\.venv\Lib\site-packages\urllib3\connection.py", line 741, in connect
    sock_and_verified = _ssl_wrap_socket_and_match_hostname(
        sock=sock,
    ...<14 lines>...
        assert_fingerprint=self.assert_fingerprint,
    )
  File "C:\Users\Harun\PycharmProjects\amazonpricealertTelegramBot\.venv\Lib\site-packages\urllib3\connection.py", line 920, in _ssl_wrap_socket_and_match_hostname
    ssl_sock = ssl_wrap_socket(
        sock=sock,
    ...<8 lines>...
        tls_in_tls=tls_in_tls,
    )
  File "C:\Users\Harun\PycharmProjects\amazonpricealertTelegramBot\.venv\Lib\site-packages\urllib3\util\ssl_.py", line 480, in ssl_wrap_socket
    ssl_sock = _ssl_wrap_socket_impl(sock, context, tls_in_tls, server_hostname)
  File "C:\Users\Harun\PycharmProjects\amazonpricealertTelegramBot\.venv\Lib\site-packages\urllib3\util\ssl_.py", line 524, in _ssl_wrap_socket_impl
    return ssl_context.wrap_socket(sock, server_hostname=server_hostname)
           ~~~~~~~~~~~~~~~~~~~~~~~^^^^^^^^^^^^^^^^^^^^^^^^^^^^^^^^^^^^^^^
  File "C:\Users\Harun\AppData\Local\Programs\Python\Python313\Lib\ssl.py", line 455, in wrap_socket
    return self.sslsocket_class._create(
           ~~~~~~~~~~~~~~~~~~~~~~~~~~~~^
        sock=sock,
        ^^^^^^^^^^
    ...<5 lines>...
        session=session
        ^^^^^^^^^^^^^^^
    )
    ^
  File "C:\Users\Harun\AppData\Local\Programs\Python\Python313\Lib\ssl.py", line 1076, in _create
    self.do_handshake()
    ~~~~~~~~~~~~~~~~~^^
  File "C:\Users\Harun\AppData\Local\Programs\Python\Python313\Lib\ssl.py", line 1372, in do_handshake
    self._sslobj.do_handshake()
    ~~~~~~~~~~~~~~~~~~~~~~~~~^^
urllib3.exceptions.ProtocolError: ('Connection aborted.', ConnectionResetError(10054, 'An existing connection was forcibly closed by the remote host', None, 10054, None))

During handling of the above exception, another exception occurred:

Traceback (most recent call last):
  File "C:\Users\Harun\PycharmProjects\amazonpricealertTelegramBot\.venv\Lib\site-packages\webdriver_manager\core\http.py", line 32, in get
    resp = requests.get(
        url=url, verify=self._ssl_verify, stream=True, **kwargs)
  File "C:\Users\Harun\PycharmProjects\amazonpricealertTelegramBot\.venv\Lib\site-packages\requests\api.py", line 73, in get
    return request("get", url, params=params, **kwargs)
  File "C:\Users\Harun\PycharmProjects\amazonpricealertTelegramBot\.venv\Lib\site-packages\requests\api.py", line 59, in request
    return session.request(method=method, url=url, **kwargs)
           ~~~~~~~~~~~~~~~^^^^^^^^^^^^^^^^^^^^^^^^^^^^^^^^^^
  File "C:\Users\Harun\PycharmProjects\amazonpricealertTelegramBot\.venv\Lib\site-packages\requests\sessions.py", line 589, in request
    resp = self.send(prep, **send_kwargs)
  File "C:\Users\Harun\PycharmProjects\amazonpricealertTelegramBot\.venv\Lib\site-packages\requests\sessions.py", line 703, in send
    r = adapter.send(request, **kwargs)
  File "C:\Users\Harun\PycharmProjects\amazonpricealertTelegramBot\.venv\Lib\site-packages\requests\adapters.py", line 501, in send
    raise ConnectionError(err, request=request)
requests.exceptions.ConnectionError: ('Connection aborted.', ConnectionResetError(10054, 'An existing connection was forcibly closed by the remote host', None, 10054, None))

During handling of the above exception, another exception occurred:

Traceback (most recent call last):
  File "C:\Users\Harun\PycharmProjects\amazonpricealertTelegramBot\amazon.price.alert.py", line 141, in get_hepsiburada_price_with_selenium
    service = Service(ChromeDriverManager().install())
                      ~~~~~~~~~~~~~~~~~~~~~~~~~~~~~^^
  File "C:\Users\Harun\PycharmProjects\amazonpricealertTelegramBot\.venv\Lib\site-packages\webdriver_manager\chrome.py", line 40, in install
    driver_path = self._get_driver_binary_path(self.driver)
  File "C:\Users\Harun\PycharmProjects\amazonpricealertTelegramBot\.venv\Lib\site-packages\webdriver_manager\core\manager.py", line 35, in _get_driver_binary_path
    binary_path = self._cache_manager.find_driver(driver)
  File "C:\Users\Harun\PycharmProjects\amazonpricealertTelegramBot\.venv\Lib\site-packages\webdriver_manager\core\driver_cache.py", line 107, in find_driver
    driver_version = self.get_cache_key_driver_version(driver)
  File "C:\Users\Harun\PycharmProjects\amazonpricealertTelegramBot\.venv\Lib\site-packages\webdriver_manager\core\driver_cache.py", line 154, in get_cache_key_driver_version
    return driver.get_driver_version_to_download()
           ~~~~~~~~~~~~~~~~~~~~~~~~~~~~~~~~~~~~~^^
  File "C:\Users\Harun\PycharmProjects\amazonpricealertTelegramBot\.venv\Lib\site-packages\webdriver_manager\core\driver.py", line 48, in get_driver_version_to_download
    return self.get_latest_release_version()
           ~~~~~~~~~~~~~~~~~~~~~~~~~~~~~~~^^
  File "C:\Users\Harun\PycharmProjects\amazonpricealertTelegramBot\.venv\Lib\site-packages\webdriver_manager\drivers\chrome.py", line 59, in get_latest_release_version
    response = self._http_client.get(url)
  File "C:\Users\Harun\PycharmProjects\amazonpricealertTelegramBot\.venv\Lib\site-packages\webdriver_manager\core\http.py", line 35, in get
    raise exceptions.ConnectionError(f"Could not reach host. Are you offline?")
requests.exceptions.ConnectionError: Could not reach host. Are you offline?
2025-07-22 01:19:13,753 - ERROR - Timeout occurred for https://www.hepsiburada.com/yatsan-one-by-tempur-20-cm-yatak-p-HBCV00000GSHTW
2025-07-22 01:21:28,661 - ERROR - SELENIUM: Beklenmedik bir hata oluştu: Message: 
Stacktrace:
	GetHandleVerifier [0x0xe01a33+62339]
	GetHandleVerifier [0x0xe01a74+62404]
	(No symbol) [0x0xc42123]
	(No symbol) [0x0xc8a86e]
	(No symbol) [0x0xc8ac0b]
	(No symbol) [0x0xcd2f72]
	(No symbol) [0x0xcaf404]
	(No symbol) [0x0xcd07a3]
	(No symbol) [0x0xcaf1b6]
	(No symbol) [0x0xc7e7a2]
	(No symbol) [0x0xc7f644]
	GetHandleVerifier [0x0x10765c3+2637587]
	GetHandleVerifier [0x0x10719ca+2618138]
	GetHandleVerifier [0x0xe284aa+220666]
	GetHandleVerifier [0x0xe188d8+156200]
	GetHandleVerifier [0x0xe1f06d+182717]
	GetHandleVerifier [0x0xe09978+94920]
	GetHandleVerifier [0x0xe09b02+95314]
	GetHandleVerifier [0x0xdf4c4a+9626]
	BaseThreadInitThunk [0x0x74fa5d49+25]
	RtlInitializeExceptionChain [0x0x7739cf0b+107]
	RtlGetAppContainerNamedObjectPath [0x0x7739ce91+561]
Traceback (most recent call last):
  File "C:\Users\Harun\PycharmProjects\amazonpricealertTelegramBot\amazon.price.alert.py", line 155, in get_hepsiburada_price_with_selenium
    WebDriverWait(driver, 20).until(EC.presence_of_element_located((By.ID, 'reduxStore')))
    ~~~~~~~~~~~~~~~~~~~~~~~~~~~~~~~^^^^^^^^^^^^^^^^^^^^^^^^^^^^^^^^^^^^^^^^^^^^^^^^^^^^^^^
  File "C:\Users\Harun\PycharmProjects\amazonpricealertTelegramBot\.venv\Lib\site-packages\selenium\webdriver\support\wait.py", line 95, in until
    raise TimeoutException(message, screen, stacktrace)
selenium.common.exceptions.TimeoutException: Message: 
Stacktrace:
	GetHandleVerifier [0x0xe01a33+62339]
	GetHandleVerifier [0x0xe01a74+62404]
	(No symbol) [0x0xc42123]
	(No symbol) [0x0xc8a86e]
	(No symbol) [0x0xc8ac0b]
	(No symbol) [0x0xcd2f72]
	(No symbol) [0x0xcaf404]
	(No symbol) [0x0xcd07a3]
	(No symbol) [0x0xcaf1b6]
	(No symbol) [0x0xc7e7a2]
	(No symbol) [0x0xc7f644]
	GetHandleVerifier [0x0x10765c3+2637587]
	GetHandleVerifier [0x0x10719ca+2618138]
	GetHandleVerifier [0x0xe284aa+220666]
	GetHandleVerifier [0x0xe188d8+156200]
	GetHandleVerifier [0x0xe1f06d+182717]
	GetHandleVerifier [0x0xe09978+94920]
	GetHandleVerifier [0x0xe09b02+95314]
	GetHandleVerifier [0x0xdf4c4a+9626]
	BaseThreadInitThunk [0x0x74fa5d49+25]
	RtlInitializeExceptionChain [0x0x7739cf0b+107]
	RtlGetAppContainerNamedObjectPath [0x0x7739ce91+561]

2025-07-22 01:21:49,084 - ERROR - All 2 retries failed for product ID 29 (https://www.hepsiburada.com/yatsan-one-by-tempur-20-cm-yatak-p-HBCV00000GSHTW).
2025-07-22 01:22:09,835 - ERROR - Timeout occurred for https://www.hepsiburada.com/dji-osmo-action-5-pro-standard-aksiyon-kamera-p-HBCV000079UXT4
2025-07-22 01:25:40,220 - ERROR - SELENIUM: Beklenmedik bir hata oluştu: HTTPSConnectionPool(host='googlechromelabs.github.io', port=443): Read timed out. (read timeout=None)
Traceback (most recent call last):
  File "C:\Users\Harun\PycharmProjects\amazonpricealertTelegramBot\.venv\Lib\site-packages\urllib3\connectionpool.py", line 464, in _make_request
    self._validate_conn(conn)
    ~~~~~~~~~~~~~~~~~~~^^^^^^
  File "C:\Users\Harun\PycharmProjects\amazonpricealertTelegramBot\.venv\Lib\site-packages\urllib3\connectionpool.py", line 1093, in _validate_conn
    conn.connect()
    ~~~~~~~~~~~~^^
  File "C:\Users\Harun\PycharmProjects\amazonpricealertTelegramBot\.venv\Lib\site-packages\urllib3\connection.py", line 741, in connect
    sock_and_verified = _ssl_wrap_socket_and_match_hostname(
        sock=sock,
    ...<14 lines>...
        assert_fingerprint=self.assert_fingerprint,
    )
  File "C:\Users\Harun\PycharmProjects\amazonpricealertTelegramBot\.venv\Lib\site-packages\urllib3\connection.py", line 920, in _ssl_wrap_socket_and_match_hostname
    ssl_sock = ssl_wrap_socket(
        sock=sock,
    ...<8 lines>...
        tls_in_tls=tls_in_tls,
    )
  File "C:\Users\Harun\PycharmProjects\amazonpricealertTelegramBot\.venv\Lib\site-packages\urllib3\util\ssl_.py", line 480, in ssl_wrap_socket
    ssl_sock = _ssl_wrap_socket_impl(sock, context, tls_in_tls, server_hostname)
  File "C:\Users\Harun\PycharmProjects\amazonpricealertTelegramBot\.venv\Lib\site-packages\urllib3\util\ssl_.py", line 524, in _ssl_wrap_socket_impl
    return ssl_context.wrap_socket(sock, server_hostname=server_hostname)
           ~~~~~~~~~~~~~~~~~~~~~~~^^^^^^^^^^^^^^^^^^^^^^^^^^^^^^^^^^^^^^^
  File "C:\Users\Harun\AppData\Local\Programs\Python\Python313\Lib\ssl.py", line 455, in wrap_socket
    return self.sslsocket_class._create(
           ~~~~~~~~~~~~~~~~~~~~~~~~~~~~^
        sock=sock,
        ^^^^^^^^^^
    ...<5 lines>...
        session=session
        ^^^^^^^^^^^^^^^
    )
    ^
  File "C:\Users\Harun\AppData\Local\Programs\Python\Python313\Lib\ssl.py", line 1076, in _create
    self.do_handshake()
    ~~~~~~~~~~~~~~~~~^^
  File "C:\Users\Harun\AppData\Local\Programs\Python\Python313\Lib\ssl.py", line 1372, in do_handshake
    self._sslobj.do_handshake()
    ~~~~~~~~~~~~~~~~~~~~~~~~~^^
TimeoutError: [WinError 10060] A connection attempt failed because the connected party did not properly respond after a period of time, or established connection failed because connected host has failed to respond

The above exception was the direct cause of the following exception:

Traceback (most recent call last):
  File "C:\Users\Harun\PycharmProjects\amazonpricealertTelegramBot\.venv\Lib\site-packages\requests\adapters.py", line 486, in send
    resp = conn.urlopen(
        method=request.method,
    ...<9 lines>...
        chunked=chunked,
    )
  File "C:\Users\Harun\PycharmProjects\amazonpricealertTelegramBot\.venv\Lib\site-packages\urllib3\connectionpool.py", line 841, in urlopen
    retries = retries.increment(
        method, url, error=new_e, _pool=self, _stacktrace=sys.exc_info()[2]
    )
  File "C:\Users\Harun\PycharmProjects\amazonpricealertTelegramBot\.venv\Lib\site-packages\urllib3\util\retry.py", line 474, in increment
    raise reraise(type(error), error, _stacktrace)
          ~~~~~~~^^^^^^^^^^^^^^^^^^^^^^^^^^^^^^^^^
  File "C:\Users\Harun\PycharmProjects\amazonpricealertTelegramBot\.venv\Lib\site-packages\urllib3\util\util.py", line 39, in reraise
    raise value
  File "C:\Users\Harun\PycharmProjects\amazonpricealertTelegramBot\.venv\Lib\site-packages\urllib3\connectionpool.py", line 787, in urlopen
    response = self._make_request(
        conn,
    ...<10 lines>...
        **response_kw,
    )
  File "C:\Users\Harun\PycharmProjects\amazonpricealertTelegramBot\.venv\Lib\site-packages\urllib3\connectionpool.py", line 488, in _make_request
    raise new_e
  File "C:\Users\Harun\PycharmProjects\amazonpricealertTelegramBot\.venv\Lib\site-packages\urllib3\connectionpool.py", line 466, in _make_request
    self._raise_timeout(err=e, url=url, timeout_value=conn.timeout)
    ~~~~~~~~~~~~~~~~~~~^^^^^^^^^^^^^^^^^^^^^^^^^^^^^^^^^^^^^^^^^^^^
  File "C:\Users\Harun\PycharmProjects\amazonpricealertTelegramBot\.venv\Lib\site-packages\urllib3\connectionpool.py", line 367, in _raise_timeout
    raise ReadTimeoutError(
        self, url, f"Read timed out. (read timeout={timeout_value})"
    ) from err
urllib3.exceptions.ReadTimeoutError: HTTPSConnectionPool(host='googlechromelabs.github.io', port=443): Read timed out. (read timeout=None)

During handling of the above exception, another exception occurred:

Traceback (most recent call last):
  File "C:\Users\Harun\PycharmProjects\amazonpricealertTelegramBot\amazon.price.alert.py", line 141, in get_hepsiburada_price_with_selenium
    service = Service(ChromeDriverManager().install())
                      ~~~~~~~~~~~~~~~~~~~~~~~~~~~~~^^
  File "C:\Users\Harun\PycharmProjects\amazonpricealertTelegramBot\.venv\Lib\site-packages\webdriver_manager\chrome.py", line 40, in install
    driver_path = self._get_driver_binary_path(self.driver)
  File "C:\Users\Harun\PycharmProjects\amazonpricealertTelegramBot\.venv\Lib\site-packages\webdriver_manager\core\manager.py", line 35, in _get_driver_binary_path
    binary_path = self._cache_manager.find_driver(driver)
  File "C:\Users\Harun\PycharmProjects\amazonpricealertTelegramBot\.venv\Lib\site-packages\webdriver_manager\core\driver_cache.py", line 110, in find_driver
    key = self.__get_metadata_key(driver)
  File "C:\Users\Harun\PycharmProjects\amazonpricealertTelegramBot\.venv\Lib\site-packages\webdriver_manager\core\driver_cache.py", line 144, in __get_metadata_key
    driver_version = self.get_cache_key_driver_version(driver)
  File "C:\Users\Harun\PycharmProjects\amazonpricealertTelegramBot\.venv\Lib\site-packages\webdriver_manager\core\driver_cache.py", line 154, in get_cache_key_driver_version
    return driver.get_driver_version_to_download()
           ~~~~~~~~~~~~~~~~~~~~~~~~~~~~~~~~~~~~~^^
  File "C:\Users\Harun\PycharmProjects\amazonpricealertTelegramBot\.venv\Lib\site-packages\webdriver_manager\core\driver.py", line 48, in get_driver_version_to_download
    return self.get_latest_release_version()
           ~~~~~~~~~~~~~~~~~~~~~~~~~~~~~~~^^
  File "C:\Users\Harun\PycharmProjects\amazonpricealertTelegramBot\.venv\Lib\site-packages\webdriver_manager\drivers\chrome.py", line 59, in get_latest_release_version
    response = self._http_client.get(url)
  File "C:\Users\Harun\PycharmProjects\amazonpricealertTelegramBot\.venv\Lib\site-packages\webdriver_manager\core\http.py", line 32, in get
    resp = requests.get(
        url=url, verify=self._ssl_verify, stream=True, **kwargs)
  File "C:\Users\Harun\PycharmProjects\amazonpricealertTelegramBot\.venv\Lib\site-packages\requests\api.py", line 73, in get
    return request("get", url, params=params, **kwargs)
  File "C:\Users\Harun\PycharmProjects\amazonpricealertTelegramBot\.venv\Lib\site-packages\requests\api.py", line 59, in request
    return session.request(method=method, url=url, **kwargs)
           ~~~~~~~~~~~~~~~^^^^^^^^^^^^^^^^^^^^^^^^^^^^^^^^^^
  File "C:\Users\Harun\PycharmProjects\amazonpricealertTelegramBot\.venv\Lib\site-packages\requests\sessions.py", line 589, in request
    resp = self.send(prep, **send_kwargs)
  File "C:\Users\Harun\PycharmProjects\amazonpricealertTelegramBot\.venv\Lib\site-packages\requests\sessions.py", line 703, in send
    r = adapter.send(request, **kwargs)
  File "C:\Users\Harun\PycharmProjects\amazonpricealertTelegramBot\.venv\Lib\site-packages\requests\adapters.py", line 532, in send
    raise ReadTimeout(e, request=request)
requests.exceptions.ReadTimeout: HTTPSConnectionPool(host='googlechromelabs.github.io', port=443): Read timed out. (read timeout=None)
2025-07-22 01:26:14,075 - ERROR - Timeout occurred for https://www.hepsiburada.com/dji-osmo-action-5-pro-standard-aksiyon-kamera-p-HBCV000079UXT4
2025-07-22 01:29:28,259 - ERROR - Timeout occurred for https://www.hepsiburada.com/grillmate-gm60-ka-dokum-izgarali-katlanir-ayakli-mangal-pm-HBC00006RKVXF
2025-07-22 01:34:54,768 - ERROR - All 2 retries failed for product ID 32 (https://www.trendyol.com/hoover/hle-c10dg-17-10-kg-nfc-baglantili-kurutma-makinesi-p-216657679).
2025-07-22 01:35:48,835 - ERROR - All 2 retries failed for product ID 33 (https://www.trendyol.com/neutron/akilli-wi-fi-destekli-4-lu-akim-korumali-priz-p-347127121?boutiqueId=61&merchantId=107514&adjust_t=mk12x3o_m4o2h83&adjust_tracker_limit=999999999&utm_campaign=347127121&adjust_campaign=product_free_20256239_TR&adjust_creative=347127121&adjust_adgroup=10629080&utm_term=10629080&link_contentid=347127121&utm_source=share&utm_medium=product_free&link_userID=10629080).
2025-07-22 01:38:34,403 - ERROR - All 2 retries failed for product ID 35 (https://www.mediamarkt.com.tr/tr/product/_meross-matter-akilli-priz-beyaz-1247481.html).
2025-07-22 01:39:29,131 - ERROR - Connection error for https://www.trendyol.com/sword/wi-fi-akilli-priz-30w-type-c-akim-korumali-3-lu-priz-3-usb-uzaktan-kontrol-ve-zaman-ayarli-sw-3pu1c-p-698472817?boutiqueId=61&merchantId=405920: ('Connection aborted.', ConnectionResetError(10054, 'An existing connection was forcibly closed by the remote host', None, 10054, None))
2025-07-22 01:39:43,385 - ERROR - All 2 retries failed for product ID 36 (https://www.trendyol.com/sword/wi-fi-akilli-priz-30w-type-c-akim-korumali-3-lu-priz-3-usb-uzaktan-kontrol-ve-zaman-ayarli-sw-3pu1c-p-698472817?boutiqueId=61&merchantId=405920).
2025-07-22 01:40:08,421 - ERROR - Timeout occurred for https://www.hepsiburada.com/yatas-black-ice-yayli-yatak-black-ice-visco-yastik-hediyeli-p-HBCV00008OYJ3Z
2025-07-22 01:42:00,879 - ERROR - SELENIUM: Beklenmedik bir hata oluştu: Could not reach host. Are you offline?
Traceback (most recent call last):
  File "C:\Users\Harun\PycharmProjects\amazonpricealertTelegramBot\.venv\Lib\site-packages\urllib3\connectionpool.py", line 787, in urlopen
    response = self._make_request(
        conn,
    ...<10 lines>...
        **response_kw,
    )
  File "C:\Users\Harun\PycharmProjects\amazonpricealertTelegramBot\.venv\Lib\site-packages\urllib3\connectionpool.py", line 488, in _make_request
    raise new_e
  File "C:\Users\Harun\PycharmProjects\amazonpricealertTelegramBot\.venv\Lib\site-packages\urllib3\connectionpool.py", line 464, in _make_request
    self._validate_conn(conn)
    ~~~~~~~~~~~~~~~~~~~^^^^^^
  File "C:\Users\Harun\PycharmProjects\amazonpricealertTelegramBot\.venv\Lib\site-packages\urllib3\connectionpool.py", line 1093, in _validate_conn
    conn.connect()
    ~~~~~~~~~~~~^^
  File "C:\Users\Harun\PycharmProjects\amazonpricealertTelegramBot\.venv\Lib\site-packages\urllib3\connection.py", line 741, in connect
    sock_and_verified = _ssl_wrap_socket_and_match_hostname(
        sock=sock,
    ...<14 lines>...
        assert_fingerprint=self.assert_fingerprint,
    )
  File "C:\Users\Harun\PycharmProjects\amazonpricealertTelegramBot\.venv\Lib\site-packages\urllib3\connection.py", line 920, in _ssl_wrap_socket_and_match_hostname
    ssl_sock = ssl_wrap_socket(
        sock=sock,
    ...<8 lines>...
        tls_in_tls=tls_in_tls,
    )
  File "C:\Users\Harun\PycharmProjects\amazonpricealertTelegramBot\.venv\Lib\site-packages\urllib3\util\ssl_.py", line 480, in ssl_wrap_socket
    ssl_sock = _ssl_wrap_socket_impl(sock, context, tls_in_tls, server_hostname)
  File "C:\Users\Harun\PycharmProjects\amazonpricealertTelegramBot\.venv\Lib\site-packages\urllib3\util\ssl_.py", line 524, in _ssl_wrap_socket_impl
    return ssl_context.wrap_socket(sock, server_hostname=server_hostname)
           ~~~~~~~~~~~~~~~~~~~~~~~^^^^^^^^^^^^^^^^^^^^^^^^^^^^^^^^^^^^^^^
  File "C:\Users\Harun\AppData\Local\Programs\Python\Python313\Lib\ssl.py", line 455, in wrap_socket
    return self.sslsocket_class._create(
           ~~~~~~~~~~~~~~~~~~~~~~~~~~~~^
        sock=sock,
        ^^^^^^^^^^
    ...<5 lines>...
        session=session
        ^^^^^^^^^^^^^^^
    )
    ^
  File "C:\Users\Harun\AppData\Local\Programs\Python\Python313\Lib\ssl.py", line 1076, in _create
    self.do_handshake()
    ~~~~~~~~~~~~~~~~~^^
  File "C:\Users\Harun\AppData\Local\Programs\Python\Python313\Lib\ssl.py", line 1372, in do_handshake
    self._sslobj.do_handshake()
    ~~~~~~~~~~~~~~~~~~~~~~~~~^^
ConnectionResetError: [WinError 10054] An existing connection was forcibly closed by the remote host

During handling of the above exception, another exception occurred:

Traceback (most recent call last):
  File "C:\Users\Harun\PycharmProjects\amazonpricealertTelegramBot\.venv\Lib\site-packages\requests\adapters.py", line 486, in send
    resp = conn.urlopen(
        method=request.method,
    ...<9 lines>...
        chunked=chunked,
    )
  File "C:\Users\Harun\PycharmProjects\amazonpricealertTelegramBot\.venv\Lib\site-packages\urllib3\connectionpool.py", line 841, in urlopen
    retries = retries.increment(
        method, url, error=new_e, _pool=self, _stacktrace=sys.exc_info()[2]
    )
  File "C:\Users\Harun\PycharmProjects\amazonpricealertTelegramBot\.venv\Lib\site-packages\urllib3\util\retry.py", line 474, in increment
    raise reraise(type(error), error, _stacktrace)
          ~~~~~~~^^^^^^^^^^^^^^^^^^^^^^^^^^^^^^^^^
  File "C:\Users\Harun\PycharmProjects\amazonpricealertTelegramBot\.venv\Lib\site-packages\urllib3\util\util.py", line 38, in reraise
    raise value.with_traceback(tb)
  File "C:\Users\Harun\PycharmProjects\amazonpricealertTelegramBot\.venv\Lib\site-packages\urllib3\connectionpool.py", line 787, in urlopen
    response = self._make_request(
        conn,
    ...<10 lines>...
        **response_kw,
    )
  File "C:\Users\Harun\PycharmProjects\amazonpricealertTelegramBot\.venv\Lib\site-packages\urllib3\connectionpool.py", line 488, in _make_request
    raise new_e
  File "C:\Users\Harun\PycharmProjects\amazonpricealertTelegramBot\.venv\Lib\site-packages\urllib3\connectionpool.py", line 464, in _make_request
    self._validate_conn(conn)
    ~~~~~~~~~~~~~~~~~~~^^^^^^
  File "C:\Users\Harun\PycharmProjects\amazonpricealertTelegramBot\.venv\Lib\site-packages\urllib3\connectionpool.py", line 1093, in _validate_conn
    conn.connect()
    ~~~~~~~~~~~~^^
  File "C:\Users\Harun\PycharmProjects\amazonpricealertTelegramBot\.venv\Lib\site-packages\urllib3\connection.py", line 741, in connect
    sock_and_verified = _ssl_wrap_socket_and_match_hostname(
        sock=sock,
    ...<14 lines>...
        assert_fingerprint=self.assert_fingerprint,
    )
  File "C:\Users\Harun\PycharmProjects\amazonpricealertTelegramBot\.venv\Lib\site-packages\urllib3\connection.py", line 920, in _ssl_wrap_socket_and_match_hostname
    ssl_sock = ssl_wrap_socket(
        sock=sock,
    ...<8 lines>...
        tls_in_tls=tls_in_tls,
    )
  File "C:\Users\Harun\PycharmProjects\amazonpricealertTelegramBot\.venv\Lib\site-packages\urllib3\util\ssl_.py", line 480, in ssl_wrap_socket
    ssl_sock = _ssl_wrap_socket_impl(sock, context, tls_in_tls, server_hostname)
  File "C:\Users\Harun\PycharmProjects\amazonpricealertTelegramBot\.venv\Lib\site-packages\urllib3\util\ssl_.py", line 524, in _ssl_wrap_socket_impl
    return ssl_context.wrap_socket(sock, server_hostname=server_hostname)
           ~~~~~~~~~~~~~~~~~~~~~~~^^^^^^^^^^^^^^^^^^^^^^^^^^^^^^^^^^^^^^^
  File "C:\Users\Harun\AppData\Local\Programs\Python\Python313\Lib\ssl.py", line 455, in wrap_socket
    return self.sslsocket_class._create(
           ~~~~~~~~~~~~~~~~~~~~~~~~~~~~^
        sock=sock,
        ^^^^^^^^^^
    ...<5 lines>...
        session=session
        ^^^^^^^^^^^^^^^
    )
    ^
  File "C:\Users\Harun\AppData\Local\Programs\Python\Python313\Lib\ssl.py", line 1076, in _create
    self.do_handshake()
    ~~~~~~~~~~~~~~~~~^^
  File "C:\Users\Harun\AppData\Local\Programs\Python\Python313\Lib\ssl.py", line 1372, in do_handshake
    self._sslobj.do_handshake()
    ~~~~~~~~~~~~~~~~~~~~~~~~~^^
urllib3.exceptions.ProtocolError: ('Connection aborted.', ConnectionResetError(10054, 'An existing connection was forcibly closed by the remote host', None, 10054, None))

During handling of the above exception, another exception occurred:

Traceback (most recent call last):
  File "C:\Users\Harun\PycharmProjects\amazonpricealertTelegramBot\.venv\Lib\site-packages\webdriver_manager\core\http.py", line 32, in get
    resp = requests.get(
        url=url, verify=self._ssl_verify, stream=True, **kwargs)
  File "C:\Users\Harun\PycharmProjects\amazonpricealertTelegramBot\.venv\Lib\site-packages\requests\api.py", line 73, in get
    return request("get", url, params=params, **kwargs)
  File "C:\Users\Harun\PycharmProjects\amazonpricealertTelegramBot\.venv\Lib\site-packages\requests\api.py", line 59, in request
    return session.request(method=method, url=url, **kwargs)
           ~~~~~~~~~~~~~~~^^^^^^^^^^^^^^^^^^^^^^^^^^^^^^^^^^
  File "C:\Users\Harun\PycharmProjects\amazonpricealertTelegramBot\.venv\Lib\site-packages\requests\sessions.py", line 589, in request
    resp = self.send(prep, **send_kwargs)
  File "C:\Users\Harun\PycharmProjects\amazonpricealertTelegramBot\.venv\Lib\site-packages\requests\sessions.py", line 703, in send
    r = adapter.send(request, **kwargs)
  File "C:\Users\Harun\PycharmProjects\amazonpricealertTelegramBot\.venv\Lib\site-packages\requests\adapters.py", line 501, in send
    raise ConnectionError(err, request=request)
requests.exceptions.ConnectionError: ('Connection aborted.', ConnectionResetError(10054, 'An existing connection was forcibly closed by the remote host', None, 10054, None))

During handling of the above exception, another exception occurred:

Traceback (most recent call last):
  File "C:\Users\Harun\PycharmProjects\amazonpricealertTelegramBot\amazon.price.alert.py", line 141, in get_hepsiburada_price_with_selenium
    service = Service(ChromeDriverManager().install())
                      ~~~~~~~~~~~~~~~~~~~~~~~~~~~~~^^
  File "C:\Users\Harun\PycharmProjects\amazonpricealertTelegramBot\.venv\Lib\site-packages\webdriver_manager\chrome.py", line 40, in install
    driver_path = self._get_driver_binary_path(self.driver)
  File "C:\Users\Harun\PycharmProjects\amazonpricealertTelegramBot\.venv\Lib\site-packages\webdriver_manager\core\manager.py", line 35, in _get_driver_binary_path
    binary_path = self._cache_manager.find_driver(driver)
  File "C:\Users\Harun\PycharmProjects\amazonpricealertTelegramBot\.venv\Lib\site-packages\webdriver_manager\core\driver_cache.py", line 110, in find_driver
    key = self.__get_metadata_key(driver)
  File "C:\Users\Harun\PycharmProjects\amazonpricealertTelegramBot\.venv\Lib\site-packages\webdriver_manager\core\driver_cache.py", line 144, in __get_metadata_key
    driver_version = self.get_cache_key_driver_version(driver)
  File "C:\Users\Harun\PycharmProjects\amazonpricealertTelegramBot\.venv\Lib\site-packages\webdriver_manager\core\driver_cache.py", line 154, in get_cache_key_driver_version
    return driver.get_driver_version_to_download()
           ~~~~~~~~~~~~~~~~~~~~~~~~~~~~~~~~~~~~~^^
  File "C:\Users\Harun\PycharmProjects\amazonpricealertTelegramBot\.venv\Lib\site-packages\webdriver_manager\core\driver.py", line 48, in get_driver_version_to_download
    return self.get_latest_release_version()
           ~~~~~~~~~~~~~~~~~~~~~~~~~~~~~~~^^
  File "C:\Users\Harun\PycharmProjects\amazonpricealertTelegramBot\.venv\Lib\site-packages\webdriver_manager\drivers\chrome.py", line 59, in get_latest_release_version
    response = self._http_client.get(url)
  File "C:\Users\Harun\PycharmProjects\amazonpricealertTelegramBot\.venv\Lib\site-packages\webdriver_manager\core\http.py", line 35, in get
    raise exceptions.ConnectionError(f"Could not reach host. Are you offline?")
requests.exceptions.ConnectionError: Could not reach host. Are you offline?
2025-07-22 01:42:32,534 - ERROR - Timeout occurred for https://www.hepsiburada.com/yatas-black-ice-yayli-yatak-black-ice-visco-yastik-hediyeli-p-HBCV00008OYJ3Z
2025-07-22 01:47:46,675 - ERROR - SELENIUM: Beklenmedik bir hata oluştu: Message: timeout: Timed out receiving message from renderer: 282.900
  (Session info: chrome=138.0.7204.102)
Stacktrace:
	GetHandleVerifier [0x0xe01a33+62339]
	GetHandleVerifier [0x0xe01a74+62404]
	(No symbol) [0x0xc42123]
	(No symbol) [0x0xc32e7b]
	(No symbol) [0x0xc32bb1]
	(No symbol) [0x0xc30b54]
	(No symbol) [0x0xc3161d]
	(No symbol) [0x0xc3ddb9]
	(No symbol) [0x0xc4f285]
	(No symbol) [0x0xc54cc6]
	(No symbol) [0x0xc31c5d]
	(No symbol) [0x0xc4efe9]
	(No symbol) [0x0xcd0a85]
	(No symbol) [0x0xcaf1b6]
	(No symbol) [0x0xc7e7a2]
	(No symbol) [0x0xc7f644]
	GetHandleVerifier [0x0x10765c3+2637587]
	GetHandleVerifier [0x0x10719ca+2618138]
	GetHandleVerifier [0x0xe284aa+220666]
	GetHandleVerifier [0x0xe188d8+156200]
	GetHandleVerifier [0x0xe1f06d+182717]
	GetHandleVerifier [0x0xe09978+94920]
	GetHandleVerifier [0x0xe09b02+95314]
	GetHandleVerifier [0x0xdf4c4a+9626]
	BaseThreadInitThunk [0x0x74fa5d49+25]
	RtlInitializeExceptionChain [0x0x7739cf0b+107]
	RtlGetAppContainerNamedObjectPath [0x0x7739ce91+561]
Traceback (most recent call last):
  File "C:\Users\Harun\PycharmProjects\amazonpricealertTelegramBot\amazon.price.alert.py", line 153, in get_hepsiburada_price_with_selenium
    driver.get(url)
    ~~~~~~~~~~^^^^^
  File "C:\Users\Harun\PycharmProjects\amazonpricealertTelegramBot\.venv\Lib\site-packages\selenium\webdriver\remote\webdriver.py", line 353, in get
    self.execute(Command.GET, {"url": url})
    ~~~~~~~~~~~~^^^^^^^^^^^^^^^^^^^^^^^^^^^
  File "C:\Users\Harun\PycharmProjects\amazonpricealertTelegramBot\.venv\Lib\site-packages\selenium\webdriver\remote\webdriver.py", line 344, in execute
    self.error_handler.check_response(response)
    ~~~~~~~~~~~~~~~~~~~~~~~~~~~~~~~~~^^^^^^^^^^
  File "C:\Users\Harun\PycharmProjects\amazonpricealertTelegramBot\.venv\Lib\site-packages\selenium\webdriver\remote\errorhandler.py", line 229, in check_response
    raise exception_class(message, screen, stacktrace)
selenium.common.exceptions.TimeoutException: Message: timeout: Timed out receiving message from renderer: 282.900
  (Session info: chrome=138.0.7204.102)
Stacktrace:
	GetHandleVerifier [0x0xe01a33+62339]
	GetHandleVerifier [0x0xe01a74+62404]
	(No symbol) [0x0xc42123]
	(No symbol) [0x0xc32e7b]
	(No symbol) [0x0xc32bb1]
	(No symbol) [0x0xc30b54]
	(No symbol) [0x0xc3161d]
	(No symbol) [0x0xc3ddb9]
	(No symbol) [0x0xc4f285]
	(No symbol) [0x0xc54cc6]
	(No symbol) [0x0xc31c5d]
	(No symbol) [0x0xc4efe9]
	(No symbol) [0x0xcd0a85]
	(No symbol) [0x0xcaf1b6]
	(No symbol) [0x0xc7e7a2]
	(No symbol) [0x0xc7f644]
	GetHandleVerifier [0x0x10765c3+2637587]
	GetHandleVerifier [0x0x10719ca+2618138]
	GetHandleVerifier [0x0xe284aa+220666]
	GetHandleVerifier [0x0xe188d8+156200]
	GetHandleVerifier [0x0xe1f06d+182717]
	GetHandleVerifier [0x0xe09978+94920]
	GetHandleVerifier [0x0xe09b02+95314]
	GetHandleVerifier [0x0xdf4c4a+9626]
	BaseThreadInitThunk [0x0x74fa5d49+25]
	RtlInitializeExceptionChain [0x0x7739cf0b+107]
	RtlGetAppContainerNamedObjectPath [0x0x7739ce91+561]

2025-07-22 01:48:07,114 - ERROR - All 2 retries failed for product ID 37 (https://www.hepsiburada.com/yatas-black-ice-yayli-yatak-black-ice-visco-yastik-hediyeli-p-HBCV00008OYJ3Z).
2025-07-22 01:48:46,853 - ERROR - Connection error for https://www.amazon.com.tr/Black-Decker-KS801SE-Dekupaj-Testere/dp/B00VVFK5QC#averageCustomerReviewsAnchor: HTTPSConnectionPool(host='www.amazon.com.tr', port=443): Read timed out.
2025-07-22 01:49:15,866 - ERROR - Connection error for https://www.amazon.com.tr/Black-Decker-KS801SE-Dekupaj-Testere/dp/B00VVFK5QC#averageCustomerReviewsAnchor: ('Connection aborted.', ConnectionResetError(10054, 'An existing connection was forcibly closed by the remote host', None, 10054, None))
2025-07-22 01:49:30,112 - ERROR - All 2 retries failed for product ID 38 (https://www.amazon.com.tr/Black-Decker-KS801SE-Dekupaj-Testere/dp/B00VVFK5QC#averageCustomerReviewsAnchor).
2025-07-22 01:49:56,840 - ERROR - Timeout occurred for https://www.amazon.com.tr/dp/B0DQLL7HWR?pbs=go&tag=onual_firsat-35901-21
2025-07-22 01:50:41,412 - ERROR - Timeout occurred for https://www.amazon.com.tr/dp/B0DQLL7HWR?pbs=go&tag=onual_firsat-35901-21
2025-07-22 01:50:55,670 - ERROR - All 2 retries failed for product ID 39 (https://www.amazon.com.tr/dp/B0DQLL7HWR?pbs=go&tag=onual_firsat-35901-21).
2025-07-22 01:51:05,252 - ERROR - Connection error for https://www.amazon.com.tr/anocin-Bromelain-QUERCET%C4%B0N-V%C4%B0TAM%C4%B0N-BROMELAIN/dp/B0CZC8L9X2?pd_rd_w=XWotS&content-id=amzn1.sym.70cba377-ac68-4543-84d4-c32625508a32&pf_rd_p=70cba377-ac68-4543-84d4-c32625508a32&pf_rd_r=XDMJKSQVQPMTMD1HXY6J&pd_rd_wg=NFdIU&pd_rd_r=f90eaa2a-e262-4685-959e-46d4d891ca21&pd_rd_i=B0CZC8L9X2&psc=1&ref_=pd_bap_d_grid_rp_0_1_ec_pr_pd_rhf_ee_s_rp_c_d_sccl_1_7_t: ('Connection aborted.', ConnectionResetError(10054, 'An existing connection was forcibly closed by the remote host', None, 10054, None))
2025-07-22 02:01:32,281 - ERROR - Connection error for https://www.amazon.com.tr/gp/product/B0001D1QOK/ref=ox_sc_saved_image_6?smid=A1UNQM1SR2CHM&th=1: ('Connection aborted.', ConnectionResetError(10054, 'An existing connection was forcibly closed by the remote host', None, 10054, None))
2025-07-22 02:10:55,037 - ERROR - Connection error for https://www.amazon.com.tr/dp/B00M3SPIQI?ref=cm_sw_r_cso_wa_apin_dp_YTSQA34SYXZPH10C1AMG&ref_=cm_sw_r_cso_wa_apin_dp_YTSQA34SYXZPH10C1AMG&social_share=cm_sw_r_cso_wa_apin_dp_YTSQA34SYXZPH10C1AMG&previewDoh=1: HTTPSConnectionPool(host='www.amazon.com.tr', port=443): Read timed out.
2025-07-22 02:11:35,373 - ERROR - Connection error for https://www.amazon.com.tr/dp/B00M3SPIQI?ref=cm_sw_r_cso_wa_apin_dp_YTSQA34SYXZPH10C1AMG&ref_=cm_sw_r_cso_wa_apin_dp_YTSQA34SYXZPH10C1AMG&social_share=cm_sw_r_cso_wa_apin_dp_YTSQA34SYXZPH10C1AMG&previewDoh=1: ('Connection aborted.', ConnectionResetError(10054, 'An existing connection was forcibly closed by the remote host', None, 10054, None))
2025-07-22 02:11:49,633 - ERROR - All 2 retries failed for product ID 13 (https://www.amazon.com.tr/dp/B00M3SPIQI?ref=cm_sw_r_cso_wa_apin_dp_YTSQA34SYXZPH10C1AMG&ref_=cm_sw_r_cso_wa_apin_dp_YTSQA34SYXZPH10C1AMG&social_share=cm_sw_r_cso_wa_apin_dp_YTSQA34SYXZPH10C1AMG&previewDoh=1).
2025-07-22 02:12:37,841 - ERROR - Connection error for https://www.amazon.com.tr/dp/B0D6RHDY5B?ref=cm_sw_r_cso_cp_apin_dp_4M5335VJYFTS8KVXQSKJ&ref_=cm_sw_r_cso_cp_apin_dp_4M5335VJYFTS8KVXQSKJ&social_share=cm_sw_r_cso_cp_apin_dp_4M5335VJYFTS8KVXQSKJ&previewDoh=1: HTTPSConnectionPool(host='www.amazon.com.tr', port=443): Read timed out.
2025-07-22 02:17:16,405 - ERROR - Connection error for https://www.amazon.com.tr/Moccamaster-Filtre-Kahve-Makinesi-53974/dp/B07ZZD3B28/ref=pd_rhf_sc_s_gccp_rtpb_d_sccl_1_4/258-3441745-4201763?pd_rd_w=SM4nG&content-id=amzn1.sym.6369d110-ce1e-4c83-9c4d-8f6c10531c52&pf_rd_p=6369d110-ce1e-4c83-9c4d-8f6c10531c52&pf_rd_r=2015KWEHBSN7EA0NPVJF&pd_rd_wg=RuftN&pd_rd_r=9ce781a5-f055-41c1-87e8-697d1042b248&pd_rd_i=B07ZZD3B28&th=1: HTTPSConnectionPool(host='www.amazon.com.tr', port=443): Read timed out.
2025-07-22 02:20:36,717 - ERROR - All 2 retries failed for product ID 21 (https://www.trendyol.com/bissell/spinwave-cordless-kablosuz-zemin-silme-makinesi-p-125828676?boutiqueId=61).
2025-07-22 02:20:52,317 - ERROR - Connection error for https://www.amazon.com.tr/dp/B0BN6L2SRM?ref=cm_sw_r_cso_cp_apin_dp_DHTYZQ2C2DF5SS8JDD41&ref_=cm_sw_r_cso_cp_apin_dp_DHTYZQ2C2DF5SS8JDD41&social_share=cm_sw_r_cso_cp_apin_dp_DHTYZQ2C2DF5SS8JDD41&previewDoh=1&th=1&psc=1: ('Connection aborted.', ConnectionResetError(10054, 'An existing connection was forcibly closed by the remote host', None, 10054, None))
2025-07-22 02:25:07,131 - ERROR - All 2 retries failed for product ID 25 (https://www.trendyol.com/xiaomi/router-ax1500-wifi-6-2-4ghz-5ghz-p-854126763?boutiqueId=681310&merchantId=968&v=1.27.2&utm_campaign=DonanimHaber&utm_medium=referral&utm_source=DonanimHaber).
2025-07-22 02:26:19,252 - ERROR - Connection error for https://www.trendyol.com/grillmate/gm60-katlanir-ayakli-ve-dokum-izgarali-mangal-p-804298355: ('Connection aborted.', ConnectionResetError(10054, 'An existing connection was forcibly closed by the remote host', None, 10054, None))
2025-07-22 02:27:07,359 - ERROR - All 2 retries failed for product ID 27 (https://www.trendyol.com/grillmate/gm60-katlanir-ayakli-ve-dokum-izgarali-mangal-p-804298355).
2025-07-22 02:27:27,366 - ERROR - Timeout occurred for https://www.hepsiburada.com/sonoff-mini-r4-matter-akilli-role-p-HBCV00005TO34S
2025-07-22 02:27:46,660 - ERROR - SELENIUM: Beklenmedik bir hata oluştu: Could not reach host. Are you offline?
Traceback (most recent call last):
  File "C:\Users\Harun\PycharmProjects\amazonpricealertTelegramBot\.venv\Lib\site-packages\urllib3\connectionpool.py", line 787, in urlopen
    response = self._make_request(
        conn,
    ...<10 lines>...
        **response_kw,
    )
  File "C:\Users\Harun\PycharmProjects\amazonpricealertTelegramBot\.venv\Lib\site-packages\urllib3\connectionpool.py", line 488, in _make_request
    raise new_e
  File "C:\Users\Harun\PycharmProjects\amazonpricealertTelegramBot\.venv\Lib\site-packages\urllib3\connectionpool.py", line 464, in _make_request
    self._validate_conn(conn)
    ~~~~~~~~~~~~~~~~~~~^^^^^^
  File "C:\Users\Harun\PycharmProjects\amazonpricealertTelegramBot\.venv\Lib\site-packages\urllib3\connectionpool.py", line 1093, in _validate_conn
    conn.connect()
    ~~~~~~~~~~~~^^
  File "C:\Users\Harun\PycharmProjects\amazonpricealertTelegramBot\.venv\Lib\site-packages\urllib3\connection.py", line 741, in connect
    sock_and_verified = _ssl_wrap_socket_and_match_hostname(
        sock=sock,
    ...<14 lines>...
        assert_fingerprint=self.assert_fingerprint,
    )
  File "C:\Users\Harun\PycharmProjects\amazonpricealertTelegramBot\.venv\Lib\site-packages\urllib3\connection.py", line 920, in _ssl_wrap_socket_and_match_hostname
    ssl_sock = ssl_wrap_socket(
        sock=sock,
    ...<8 lines>...
        tls_in_tls=tls_in_tls,
    )
  File "C:\Users\Harun\PycharmProjects\amazonpricealertTelegramBot\.venv\Lib\site-packages\urllib3\util\ssl_.py", line 480, in ssl_wrap_socket
    ssl_sock = _ssl_wrap_socket_impl(sock, context, tls_in_tls, server_hostname)
  File "C:\Users\Harun\PycharmProjects\amazonpricealertTelegramBot\.venv\Lib\site-packages\urllib3\util\ssl_.py", line 524, in _ssl_wrap_socket_impl
    return ssl_context.wrap_socket(sock, server_hostname=server_hostname)
           ~~~~~~~~~~~~~~~~~~~~~~~^^^^^^^^^^^^^^^^^^^^^^^^^^^^^^^^^^^^^^^
  File "C:\Users\Harun\AppData\Local\Programs\Python\Python313\Lib\ssl.py", line 455, in wrap_socket
    return self.sslsocket_class._create(
           ~~~~~~~~~~~~~~~~~~~~~~~~~~~~^
        sock=sock,
        ^^^^^^^^^^
    ...<5 lines>...
        session=session
        ^^^^^^^^^^^^^^^
    )
    ^
  File "C:\Users\Harun\AppData\Local\Programs\Python\Python313\Lib\ssl.py", line 1076, in _create
    self.do_handshake()
    ~~~~~~~~~~~~~~~~~^^
  File "C:\Users\Harun\AppData\Local\Programs\Python\Python313\Lib\ssl.py", line 1372, in do_handshake
    self._sslobj.do_handshake()
    ~~~~~~~~~~~~~~~~~~~~~~~~~^^
ConnectionResetError: [WinError 10054] An existing connection was forcibly closed by the remote host

During handling of the above exception, another exception occurred:

Traceback (most recent call last):
  File "C:\Users\Harun\PycharmProjects\amazonpricealertTelegramBot\.venv\Lib\site-packages\requests\adapters.py", line 486, in send
    resp = conn.urlopen(
        method=request.method,
    ...<9 lines>...
        chunked=chunked,
    )
  File "C:\Users\Harun\PycharmProjects\amazonpricealertTelegramBot\.venv\Lib\site-packages\urllib3\connectionpool.py", line 841, in urlopen
    retries = retries.increment(
        method, url, error=new_e, _pool=self, _stacktrace=sys.exc_info()[2]
    )
  File "C:\Users\Harun\PycharmProjects\amazonpricealertTelegramBot\.venv\Lib\site-packages\urllib3\util\retry.py", line 474, in increment
    raise reraise(type(error), error, _stacktrace)
          ~~~~~~~^^^^^^^^^^^^^^^^^^^^^^^^^^^^^^^^^
  File "C:\Users\Harun\PycharmProjects\amazonpricealertTelegramBot\.venv\Lib\site-packages\urllib3\util\util.py", line 38, in reraise
    raise value.with_traceback(tb)
  File "C:\Users\Harun\PycharmProjects\amazonpricealertTelegramBot\.venv\Lib\site-packages\urllib3\connectionpool.py", line 787, in urlopen
    response = self._make_request(
        conn,
    ...<10 lines>...
        **response_kw,
    )
  File "C:\Users\Harun\PycharmProjects\amazonpricealertTelegramBot\.venv\Lib\site-packages\urllib3\connectionpool.py", line 488, in _make_request
    raise new_e
  File "C:\Users\Harun\PycharmProjects\amazonpricealertTelegramBot\.venv\Lib\site-packages\urllib3\connectionpool.py", line 464, in _make_request
    self._validate_conn(conn)
    ~~~~~~~~~~~~~~~~~~~^^^^^^
  File "C:\Users\Harun\PycharmProjects\amazonpricealertTelegramBot\.venv\Lib\site-packages\urllib3\connectionpool.py", line 1093, in _validate_conn
    conn.connect()
    ~~~~~~~~~~~~^^
  File "C:\Users\Harun\PycharmProjects\amazonpricealertTelegramBot\.venv\Lib\site-packages\urllib3\connection.py", line 741, in connect
    sock_and_verified = _ssl_wrap_socket_and_match_hostname(
        sock=sock,
    ...<14 lines>...
        assert_fingerprint=self.assert_fingerprint,
    )
  File "C:\Users\Harun\PycharmProjects\amazonpricealertTelegramBot\.venv\Lib\site-packages\urllib3\connection.py", line 920, in _ssl_wrap_socket_and_match_hostname
    ssl_sock = ssl_wrap_socket(
        sock=sock,
    ...<8 lines>...
        tls_in_tls=tls_in_tls,
    )
  File "C:\Users\Harun\PycharmProjects\amazonpricealertTelegramBot\.venv\Lib\site-packages\urllib3\util\ssl_.py", line 480, in ssl_wrap_socket
    ssl_sock = _ssl_wrap_socket_impl(sock, context, tls_in_tls, server_hostname)
  File "C:\Users\Harun\PycharmProjects\amazonpricealertTelegramBot\.venv\Lib\site-packages\urllib3\util\ssl_.py", line 524, in _ssl_wrap_socket_impl
    return ssl_context.wrap_socket(sock, server_hostname=server_hostname)
           ~~~~~~~~~~~~~~~~~~~~~~~^^^^^^^^^^^^^^^^^^^^^^^^^^^^^^^^^^^^^^^
  File "C:\Users\Harun\AppData\Local\Programs\Python\Python313\Lib\ssl.py", line 455, in wrap_socket
    return self.sslsocket_class._create(
           ~~~~~~~~~~~~~~~~~~~~~~~~~~~~^
        sock=sock,
        ^^^^^^^^^^
    ...<5 lines>...
        session=session
        ^^^^^^^^^^^^^^^
    )
    ^
  File "C:\Users\Harun\AppData\Local\Programs\Python\Python313\Lib\ssl.py", line 1076, in _create
    self.do_handshake()
    ~~~~~~~~~~~~~~~~~^^
  File "C:\Users\Harun\AppData\Local\Programs\Python\Python313\Lib\ssl.py", line 1372, in do_handshake
    self._sslobj.do_handshake()
    ~~~~~~~~~~~~~~~~~~~~~~~~~^^
urllib3.exceptions.ProtocolError: ('Connection aborted.', ConnectionResetError(10054, 'An existing connection was forcibly closed by the remote host', None, 10054, None))

During handling of the above exception, another exception occurred:

Traceback (most recent call last):
  File "C:\Users\Harun\PycharmProjects\amazonpricealertTelegramBot\.venv\Lib\site-packages\webdriver_manager\core\http.py", line 32, in get
    resp = requests.get(
        url=url, verify=self._ssl_verify, stream=True, **kwargs)
  File "C:\Users\Harun\PycharmProjects\amazonpricealertTelegramBot\.venv\Lib\site-packages\requests\api.py", line 73, in get
    return request("get", url, params=params, **kwargs)
  File "C:\Users\Harun\PycharmProjects\amazonpricealertTelegramBot\.venv\Lib\site-packages\requests\api.py", line 59, in request
    return session.request(method=method, url=url, **kwargs)
           ~~~~~~~~~~~~~~~^^^^^^^^^^^^^^^^^^^^^^^^^^^^^^^^^^
  File "C:\Users\Harun\PycharmProjects\amazonpricealertTelegramBot\.venv\Lib\site-packages\requests\sessions.py", line 589, in request
    resp = self.send(prep, **send_kwargs)
  File "C:\Users\Harun\PycharmProjects\amazonpricealertTelegramBot\.venv\Lib\site-packages\requests\sessions.py", line 703, in send
    r = adapter.send(request, **kwargs)
  File "C:\Users\Harun\PycharmProjects\amazonpricealertTelegramBot\.venv\Lib\site-packages\requests\adapters.py", line 501, in send
    raise ConnectionError(err, request=request)
requests.exceptions.ConnectionError: ('Connection aborted.', ConnectionResetError(10054, 'An existing connection was forcibly closed by the remote host', None, 10054, None))

During handling of the above exception, another exception occurred:

Traceback (most recent call last):
  File "C:\Users\Harun\PycharmProjects\amazonpricealertTelegramBot\amazon.price.alert.py", line 141, in get_hepsiburada_price_with_selenium
    service = Service(ChromeDriverManager().install())
                      ~~~~~~~~~~~~~~~~~~~~~~~~~~~~~^^
  File "C:\Users\Harun\PycharmProjects\amazonpricealertTelegramBot\.venv\Lib\site-packages\webdriver_manager\chrome.py", line 40, in install
    driver_path = self._get_driver_binary_path(self.driver)
  File "C:\Users\Harun\PycharmProjects\amazonpricealertTelegramBot\.venv\Lib\site-packages\webdriver_manager\core\manager.py", line 35, in _get_driver_binary_path
    binary_path = self._cache_manager.find_driver(driver)
  File "C:\Users\Harun\PycharmProjects\amazonpricealertTelegramBot\.venv\Lib\site-packages\webdriver_manager\core\driver_cache.py", line 110, in find_driver
    key = self.__get_metadata_key(driver)
  File "C:\Users\Harun\PycharmProjects\amazonpricealertTelegramBot\.venv\Lib\site-packages\webdriver_manager\core\driver_cache.py", line 144, in __get_metadata_key
    driver_version = self.get_cache_key_driver_version(driver)
  File "C:\Users\Harun\PycharmProjects\amazonpricealertTelegramBot\.venv\Lib\site-packages\webdriver_manager\core\driver_cache.py", line 154, in get_cache_key_driver_version
    return driver.get_driver_version_to_download()
           ~~~~~~~~~~~~~~~~~~~~~~~~~~~~~~~~~~~~~^^
  File "C:\Users\Harun\PycharmProjects\amazonpricealertTelegramBot\.venv\Lib\site-packages\webdriver_manager\core\driver.py", line 48, in get_driver_version_to_download
    return self.get_latest_release_version()
           ~~~~~~~~~~~~~~~~~~~~~~~~~~~~~~~^^
  File "C:\Users\Harun\PycharmProjects\amazonpricealertTelegramBot\.venv\Lib\site-packages\webdriver_manager\drivers\chrome.py", line 59, in get_latest_release_version
    response = self._http_client.get(url)
  File "C:\Users\Harun\PycharmProjects\amazonpricealertTelegramBot\.venv\Lib\site-packages\webdriver_manager\core\http.py", line 35, in get
    raise exceptions.ConnectionError(f"Could not reach host. Are you offline?")
requests.exceptions.ConnectionError: Could not reach host. Are you offline?
2025-07-22 02:28:20,639 - ERROR - Timeout occurred for https://www.hepsiburada.com/sonoff-mini-r4-matter-akilli-role-p-HBCV00005TO34S
2025-07-22 02:33:13,928 - ERROR - Timeout occurred for https://www.hepsiburada.com/yatsan-one-by-tempur-20-cm-yatak-p-HBCV00000GSHTW
2025-07-22 02:33:36,621 - ERROR - SELENIUM: Beklenmedik bir hata oluştu: 'NoneType' object has no attribute 'get'
Traceback (most recent call last):
  File "C:\Users\Harun\PycharmProjects\amazonpricealertTelegramBot\amazon.price.alert.py", line 177, in get_hepsiburada_price_with_selenium
    base_price = product_info.get("prices", [{}])[0].get("value")
                 ^^^^^^^^^^^^^^^^
AttributeError: 'NoneType' object has no attribute 'get'
2025-07-22 02:34:12,676 - ERROR - Timeout occurred for https://www.hepsiburada.com/yatsan-one-by-tempur-20-cm-yatak-p-HBCV00000GSHTW
2025-07-22 02:36:46,617 - ERROR - SELENIUM: Beklenmedik bir hata oluştu: Unterminated string starting at: line 2 column 2546793 (char 2546793)
Traceback (most recent call last):
  File "C:\Users\Harun\PycharmProjects\amazonpricealertTelegramBot\amazon.price.alert.py", line 168, in get_hepsiburada_price_with_selenium
    data = json.loads(redux_script.string)
  File "C:\Users\Harun\AppData\Local\Programs\Python\Python313\Lib\json\__init__.py", line 346, in loads
    return _default_decoder.decode(s)
           ~~~~~~~~~~~~~~~~~~~~~~~^^^
  File "C:\Users\Harun\AppData\Local\Programs\Python\Python313\Lib\json\decoder.py", line 344, in decode
    obj, end = self.raw_decode(s, idx=_w(s, 0).end())
               ~~~~~~~~~~~~~~~^^^^^^^^^^^^^^^^^^^^^^^
  File "C:\Users\Harun\AppData\Local\Programs\Python\Python313\Lib\json\decoder.py", line 360, in raw_decode
    obj, end = self.scan_once(s, idx)
               ~~~~~~~~~~~~~~^^^^^^^^
json.decoder.JSONDecodeError: Unterminated string starting at: line 2 column 2546793 (char 2546793)
2025-07-22 02:37:07,071 - ERROR - All 2 retries failed for product ID 29 (https://www.hepsiburada.com/yatsan-one-by-tempur-20-cm-yatak-p-HBCV00000GSHTW).
2025-07-22 02:37:30,327 - ERROR - Timeout occurred for https://www.hepsiburada.com/dji-osmo-action-5-pro-standard-aksiyon-kamera-p-HBCV000079UXT4
2025-07-22 02:39:13,782 - ERROR - SELENIUM: Beklenmedik bir hata oluştu: Message: 
Stacktrace:
	GetHandleVerifier [0x0xe01a33+62339]
	GetHandleVerifier [0x0xe01a74+62404]
	(No symbol) [0x0xc42123]
	(No symbol) [0x0xc8a86e]
	(No symbol) [0x0xc8ac0b]
	(No symbol) [0x0xcd2f72]
	(No symbol) [0x0xcaf404]
	(No symbol) [0x0xcd07a3]
	(No symbol) [0x0xcaf1b6]
	(No symbol) [0x0xc7e7a2]
	(No symbol) [0x0xc7f644]
	GetHandleVerifier [0x0x10765c3+2637587]
	GetHandleVerifier [0x0x10719ca+2618138]
	GetHandleVerifier [0x0xe284aa+220666]
	GetHandleVerifier [0x0xe188d8+156200]
	GetHandleVerifier [0x0xe1f06d+182717]
	GetHandleVerifier [0x0xe09978+94920]
	GetHandleVerifier [0x0xe09b02+95314]
	GetHandleVerifier [0x0xdf4c4a+9626]
	BaseThreadInitThunk [0x0x74fa5d49+25]
	RtlInitializeExceptionChain [0x0x7739cf0b+107]
	RtlGetAppContainerNamedObjectPath [0x0x7739ce91+561]
Traceback (most recent call last):
  File "C:\Users\Harun\PycharmProjects\amazonpricealertTelegramBot\amazon.price.alert.py", line 155, in get_hepsiburada_price_with_selenium
    WebDriverWait(driver, 20).until(EC.presence_of_element_located((By.ID, 'reduxStore')))
    ~~~~~~~~~~~~~~~~~~~~~~~~~~~~~~~^^^^^^^^^^^^^^^^^^^^^^^^^^^^^^^^^^^^^^^^^^^^^^^^^^^^^^^
  File "C:\Users\Harun\PycharmProjects\amazonpricealertTelegramBot\.venv\Lib\site-packages\selenium\webdriver\support\wait.py", line 95, in until
    raise TimeoutException(message, screen, stacktrace)
selenium.common.exceptions.TimeoutException: Message: 
Stacktrace:
	GetHandleVerifier [0x0xe01a33+62339]
	GetHandleVerifier [0x0xe01a74+62404]
	(No symbol) [0x0xc42123]
	(No symbol) [0x0xc8a86e]
	(No symbol) [0x0xc8ac0b]
	(No symbol) [0x0xcd2f72]
	(No symbol) [0x0xcaf404]
	(No symbol) [0x0xcd07a3]
	(No symbol) [0x0xcaf1b6]
	(No symbol) [0x0xc7e7a2]
	(No symbol) [0x0xc7f644]
	GetHandleVerifier [0x0x10765c3+2637587]
	GetHandleVerifier [0x0x10719ca+2618138]
	GetHandleVerifier [0x0xe284aa+220666]
	GetHandleVerifier [0x0xe188d8+156200]
	GetHandleVerifier [0x0xe1f06d+182717]
	GetHandleVerifier [0x0xe09978+94920]
	GetHandleVerifier [0x0xe09b02+95314]
	GetHandleVerifier [0x0xdf4c4a+9626]
	BaseThreadInitThunk [0x0x74fa5d49+25]
	RtlInitializeExceptionChain [0x0x7739cf0b+107]
	RtlGetAppContainerNamedObjectPath [0x0x7739ce91+561]

2025-07-22 02:40:05,534 - ERROR - Timeout occurred for https://www.hepsiburada.com/dji-osmo-action-5-pro-standard-aksiyon-kamera-p-HBCV000079UXT4
2025-07-22 02:40:18,660 - ERROR - SELENIUM: Beklenmedik bir hata oluştu: Could not reach host. Are you offline?
Traceback (most recent call last):
  File "C:\Users\Harun\PycharmProjects\amazonpricealertTelegramBot\.venv\Lib\site-packages\urllib3\connectionpool.py", line 787, in urlopen
    response = self._make_request(
        conn,
    ...<10 lines>...
        **response_kw,
    )
  File "C:\Users\Harun\PycharmProjects\amazonpricealertTelegramBot\.venv\Lib\site-packages\urllib3\connectionpool.py", line 488, in _make_request
    raise new_e
  File "C:\Users\Harun\PycharmProjects\amazonpricealertTelegramBot\.venv\Lib\site-packages\urllib3\connectionpool.py", line 464, in _make_request
    self._validate_conn(conn)
    ~~~~~~~~~~~~~~~~~~~^^^^^^
  File "C:\Users\Harun\PycharmProjects\amazonpricealertTelegramBot\.venv\Lib\site-packages\urllib3\connectionpool.py", line 1093, in _validate_conn
    conn.connect()
    ~~~~~~~~~~~~^^
  File "C:\Users\Harun\PycharmProjects\amazonpricealertTelegramBot\.venv\Lib\site-packages\urllib3\connection.py", line 741, in connect
    sock_and_verified = _ssl_wrap_socket_and_match_hostname(
        sock=sock,
    ...<14 lines>...
        assert_fingerprint=self.assert_fingerprint,
    )
  File "C:\Users\Harun\PycharmProjects\amazonpricealertTelegramBot\.venv\Lib\site-packages\urllib3\connection.py", line 920, in _ssl_wrap_socket_and_match_hostname
    ssl_sock = ssl_wrap_socket(
        sock=sock,
    ...<8 lines>...
        tls_in_tls=tls_in_tls,
    )
  File "C:\Users\Harun\PycharmProjects\amazonpricealertTelegramBot\.venv\Lib\site-packages\urllib3\util\ssl_.py", line 480, in ssl_wrap_socket
    ssl_sock = _ssl_wrap_socket_impl(sock, context, tls_in_tls, server_hostname)
  File "C:\Users\Harun\PycharmProjects\amazonpricealertTelegramBot\.venv\Lib\site-packages\urllib3\util\ssl_.py", line 524, in _ssl_wrap_socket_impl
    return ssl_context.wrap_socket(sock, server_hostname=server_hostname)
           ~~~~~~~~~~~~~~~~~~~~~~~^^^^^^^^^^^^^^^^^^^^^^^^^^^^^^^^^^^^^^^
  File "C:\Users\Harun\AppData\Local\Programs\Python\Python313\Lib\ssl.py", line 455, in wrap_socket
    return self.sslsocket_class._create(
           ~~~~~~~~~~~~~~~~~~~~~~~~~~~~^
        sock=sock,
        ^^^^^^^^^^
    ...<5 lines>...
        session=session
        ^^^^^^^^^^^^^^^
    )
    ^
  File "C:\Users\Harun\AppData\Local\Programs\Python\Python313\Lib\ssl.py", line 1076, in _create
    self.do_handshake()
    ~~~~~~~~~~~~~~~~~^^
  File "C:\Users\Harun\AppData\Local\Programs\Python\Python313\Lib\ssl.py", line 1372, in do_handshake
    self._sslobj.do_handshake()
    ~~~~~~~~~~~~~~~~~~~~~~~~~^^
ConnectionResetError: [WinError 10054] An existing connection was forcibly closed by the remote host

During handling of the above exception, another exception occurred:

Traceback (most recent call last):
  File "C:\Users\Harun\PycharmProjects\amazonpricealertTelegramBot\.venv\Lib\site-packages\requests\adapters.py", line 486, in send
    resp = conn.urlopen(
        method=request.method,
    ...<9 lines>...
        chunked=chunked,
    )
  File "C:\Users\Harun\PycharmProjects\amazonpricealertTelegramBot\.venv\Lib\site-packages\urllib3\connectionpool.py", line 841, in urlopen
    retries = retries.increment(
        method, url, error=new_e, _pool=self, _stacktrace=sys.exc_info()[2]
    )
  File "C:\Users\Harun\PycharmProjects\amazonpricealertTelegramBot\.venv\Lib\site-packages\urllib3\util\retry.py", line 474, in increment
    raise reraise(type(error), error, _stacktrace)
          ~~~~~~~^^^^^^^^^^^^^^^^^^^^^^^^^^^^^^^^^
  File "C:\Users\Harun\PycharmProjects\amazonpricealertTelegramBot\.venv\Lib\site-packages\urllib3\util\util.py", line 38, in reraise
    raise value.with_traceback(tb)
  File "C:\Users\Harun\PycharmProjects\amazonpricealertTelegramBot\.venv\Lib\site-packages\urllib3\connectionpool.py", line 787, in urlopen
    response = self._make_request(
        conn,
    ...<10 lines>...
        **response_kw,
    )
  File "C:\Users\Harun\PycharmProjects\amazonpricealertTelegramBot\.venv\Lib\site-packages\urllib3\connectionpool.py", line 488, in _make_request
    raise new_e
  File "C:\Users\Harun\PycharmProjects\amazonpricealertTelegramBot\.venv\Lib\site-packages\urllib3\connectionpool.py", line 464, in _make_request
    self._validate_conn(conn)
    ~~~~~~~~~~~~~~~~~~~^^^^^^
  File "C:\Users\Harun\PycharmProjects\amazonpricealertTelegramBot\.venv\Lib\site-packages\urllib3\connectionpool.py", line 1093, in _validate_conn
    conn.connect()
    ~~~~~~~~~~~~^^
  File "C:\Users\Harun\PycharmProjects\amazonpricealertTelegramBot\.venv\Lib\site-packages\urllib3\connection.py", line 741, in connect
    sock_and_verified = _ssl_wrap_socket_and_match_hostname(
        sock=sock,
    ...<14 lines>...
        assert_fingerprint=self.assert_fingerprint,
    )
  File "C:\Users\Harun\PycharmProjects\amazonpricealertTelegramBot\.venv\Lib\site-packages\urllib3\connection.py", line 920, in _ssl_wrap_socket_and_match_hostname
    ssl_sock = ssl_wrap_socket(
        sock=sock,
    ...<8 lines>...
        tls_in_tls=tls_in_tls,
    )
  File "C:\Users\Harun\PycharmProjects\amazonpricealertTelegramBot\.venv\Lib\site-packages\urllib3\util\ssl_.py", line 480, in ssl_wrap_socket
    ssl_sock = _ssl_wrap_socket_impl(sock, context, tls_in_tls, server_hostname)
  File "C:\Users\Harun\PycharmProjects\amazonpricealertTelegramBot\.venv\Lib\site-packages\urllib3\util\ssl_.py", line 524, in _ssl_wrap_socket_impl
    return ssl_context.wrap_socket(sock, server_hostname=server_hostname)
           ~~~~~~~~~~~~~~~~~~~~~~~^^^^^^^^^^^^^^^^^^^^^^^^^^^^^^^^^^^^^^^
  File "C:\Users\Harun\AppData\Local\Programs\Python\Python313\Lib\ssl.py", line 455, in wrap_socket
    return self.sslsocket_class._create(
           ~~~~~~~~~~~~~~~~~~~~~~~~~~~~^
        sock=sock,
        ^^^^^^^^^^
    ...<5 lines>...
        session=session
        ^^^^^^^^^^^^^^^
    )
    ^
  File "C:\Users\Harun\AppData\Local\Programs\Python\Python313\Lib\ssl.py", line 1076, in _create
    self.do_handshake()
    ~~~~~~~~~~~~~~~~~^^
  File "C:\Users\Harun\AppData\Local\Programs\Python\Python313\Lib\ssl.py", line 1372, in do_handshake
    self._sslobj.do_handshake()
    ~~~~~~~~~~~~~~~~~~~~~~~~~^^
urllib3.exceptions.ProtocolError: ('Connection aborted.', ConnectionResetError(10054, 'An existing connection was forcibly closed by the remote host', None, 10054, None))

During handling of the above exception, another exception occurred:

Traceback (most recent call last):
  File "C:\Users\Harun\PycharmProjects\amazonpricealertTelegramBot\.venv\Lib\site-packages\webdriver_manager\core\http.py", line 32, in get
    resp = requests.get(
        url=url, verify=self._ssl_verify, stream=True, **kwargs)
  File "C:\Users\Harun\PycharmProjects\amazonpricealertTelegramBot\.venv\Lib\site-packages\requests\api.py", line 73, in get
    return request("get", url, params=params, **kwargs)
  File "C:\Users\Harun\PycharmProjects\amazonpricealertTelegramBot\.venv\Lib\site-packages\requests\api.py", line 59, in request
    return session.request(method=method, url=url, **kwargs)
           ~~~~~~~~~~~~~~~^^^^^^^^^^^^^^^^^^^^^^^^^^^^^^^^^^
  File "C:\Users\Harun\PycharmProjects\amazonpricealertTelegramBot\.venv\Lib\site-packages\requests\sessions.py", line 589, in request
    resp = self.send(prep, **send_kwargs)
  File "C:\Users\Harun\PycharmProjects\amazonpricealertTelegramBot\.venv\Lib\site-packages\requests\sessions.py", line 703, in send
    r = adapter.send(request, **kwargs)
  File "C:\Users\Harun\PycharmProjects\amazonpricealertTelegramBot\.venv\Lib\site-packages\requests\adapters.py", line 501, in send
    raise ConnectionError(err, request=request)
requests.exceptions.ConnectionError: ('Connection aborted.', ConnectionResetError(10054, 'An existing connection was forcibly closed by the remote host', None, 10054, None))

During handling of the above exception, another exception occurred:

Traceback (most recent call last):
  File "C:\Users\Harun\PycharmProjects\amazonpricealertTelegramBot\amazon.price.alert.py", line 141, in get_hepsiburada_price_with_selenium
    service = Service(ChromeDriverManager().install())
                      ~~~~~~~~~~~~~~~~~~~~~~~~~~~~~^^
  File "C:\Users\Harun\PycharmProjects\amazonpricealertTelegramBot\.venv\Lib\site-packages\webdriver_manager\chrome.py", line 40, in install
    driver_path = self._get_driver_binary_path(self.driver)
  File "C:\Users\Harun\PycharmProjects\amazonpricealertTelegramBot\.venv\Lib\site-packages\webdriver_manager\core\manager.py", line 35, in _get_driver_binary_path
    binary_path = self._cache_manager.find_driver(driver)
  File "C:\Users\Harun\PycharmProjects\amazonpricealertTelegramBot\.venv\Lib\site-packages\webdriver_manager\core\driver_cache.py", line 107, in find_driver
    driver_version = self.get_cache_key_driver_version(driver)
  File "C:\Users\Harun\PycharmProjects\amazonpricealertTelegramBot\.venv\Lib\site-packages\webdriver_manager\core\driver_cache.py", line 154, in get_cache_key_driver_version
    return driver.get_driver_version_to_download()
           ~~~~~~~~~~~~~~~~~~~~~~~~~~~~~~~~~~~~~^^
  File "C:\Users\Harun\PycharmProjects\amazonpricealertTelegramBot\.venv\Lib\site-packages\webdriver_manager\core\driver.py", line 48, in get_driver_version_to_download
    return self.get_latest_release_version()
           ~~~~~~~~~~~~~~~~~~~~~~~~~~~~~~~^^
  File "C:\Users\Harun\PycharmProjects\amazonpricealertTelegramBot\.venv\Lib\site-packages\webdriver_manager\drivers\chrome.py", line 59, in get_latest_release_version
    response = self._http_client.get(url)
  File "C:\Users\Harun\PycharmProjects\amazonpricealertTelegramBot\.venv\Lib\site-packages\webdriver_manager\core\http.py", line 35, in get
    raise exceptions.ConnectionError(f"Could not reach host. Are you offline?")
requests.exceptions.ConnectionError: Could not reach host. Are you offline?
2025-07-22 02:40:32,926 - ERROR - All 2 retries failed for product ID 30 (https://www.hepsiburada.com/dji-osmo-action-5-pro-standard-aksiyon-kamera-p-HBCV000079UXT4).
2025-07-22 02:40:55,629 - ERROR - Timeout occurred for https://www.hepsiburada.com/grillmate-gm60-ka-dokum-izgarali-katlanir-ayakli-mangal-pm-HBC00006RKVXF
2025-07-22 02:46:20,213 - ERROR - SELENIUM: Beklenmedik bir hata oluştu: Message: timeout: Timed out receiving message from renderer: 291.525
  (Session info: chrome=138.0.7204.102)
Stacktrace:
	GetHandleVerifier [0x0xe01a33+62339]
	GetHandleVerifier [0x0xe01a74+62404]
	(No symbol) [0x0xc42123]
	(No symbol) [0x0xc32e7b]
	(No symbol) [0x0xc32bb1]
	(No symbol) [0x0xc30b54]
	(No symbol) [0x0xc3161d]
	(No symbol) [0x0xc3ddb9]
	(No symbol) [0x0xc4f285]
	(No symbol) [0x0xc54cc6]
	(No symbol) [0x0xc31c5d]
	(No symbol) [0x0xc4efe9]
	(No symbol) [0x0xcd0a85]
	(No symbol) [0x0xcaf1b6]
	(No symbol) [0x0xc7e7a2]
	(No symbol) [0x0xc7f644]
	GetHandleVerifier [0x0x10765c3+2637587]
	GetHandleVerifier [0x0x10719ca+2618138]
	GetHandleVerifier [0x0xe284aa+220666]
	GetHandleVerifier [0x0xe188d8+156200]
	GetHandleVerifier [0x0xe1f06d+182717]
	GetHandleVerifier [0x0xe09978+94920]
	GetHandleVerifier [0x0xe09b02+95314]
	GetHandleVerifier [0x0xdf4c4a+9626]
	BaseThreadInitThunk [0x0x74fa5d49+25]
	RtlInitializeExceptionChain [0x0x7739cf0b+107]
	RtlGetAppContainerNamedObjectPath [0x0x7739ce91+561]
Traceback (most recent call last):
  File "C:\Users\Harun\PycharmProjects\amazonpricealertTelegramBot\amazon.price.alert.py", line 153, in get_hepsiburada_price_with_selenium
    driver.get(url)
    ~~~~~~~~~~^^^^^
  File "C:\Users\Harun\PycharmProjects\amazonpricealertTelegramBot\.venv\Lib\site-packages\selenium\webdriver\remote\webdriver.py", line 353, in get
    self.execute(Command.GET, {"url": url})
    ~~~~~~~~~~~~^^^^^^^^^^^^^^^^^^^^^^^^^^^
  File "C:\Users\Harun\PycharmProjects\amazonpricealertTelegramBot\.venv\Lib\site-packages\selenium\webdriver\remote\webdriver.py", line 344, in execute
    self.error_handler.check_response(response)
    ~~~~~~~~~~~~~~~~~~~~~~~~~~~~~~~~~^^^^^^^^^^
  File "C:\Users\Harun\PycharmProjects\amazonpricealertTelegramBot\.venv\Lib\site-packages\selenium\webdriver\remote\errorhandler.py", line 229, in check_response
    raise exception_class(message, screen, stacktrace)
selenium.common.exceptions.TimeoutException: Message: timeout: Timed out receiving message from renderer: 291.525
  (Session info: chrome=138.0.7204.102)
Stacktrace:
	GetHandleVerifier [0x0xe01a33+62339]
	GetHandleVerifier [0x0xe01a74+62404]
	(No symbol) [0x0xc42123]
	(No symbol) [0x0xc32e7b]
	(No symbol) [0x0xc32bb1]
	(No symbol) [0x0xc30b54]
	(No symbol) [0x0xc3161d]
	(No symbol) [0x0xc3ddb9]
	(No symbol) [0x0xc4f285]
	(No symbol) [0x0xc54cc6]
	(No symbol) [0x0xc31c5d]
	(No symbol) [0x0xc4efe9]
	(No symbol) [0x0xcd0a85]
	(No symbol) [0x0xcaf1b6]
	(No symbol) [0x0xc7e7a2]
	(No symbol) [0x0xc7f644]
	GetHandleVerifier [0x0x10765c3+2637587]
	GetHandleVerifier [0x0x10719ca+2618138]
	GetHandleVerifier [0x0xe284aa+220666]
	GetHandleVerifier [0x0xe188d8+156200]
	GetHandleVerifier [0x0xe1f06d+182717]
	GetHandleVerifier [0x0xe09978+94920]
	GetHandleVerifier [0x0xe09b02+95314]
	GetHandleVerifier [0x0xdf4c4a+9626]
	BaseThreadInitThunk [0x0x74fa5d49+25]
	RtlInitializeExceptionChain [0x0x7739cf0b+107]
	RtlGetAppContainerNamedObjectPath [0x0x7739ce91+561]

2025-07-22 02:46:59,032 - ERROR - Connection error for https://www.hepsiburada.com/grillmate-gm60-ka-dokum-izgarali-katlanir-ayakli-mangal-pm-HBC00006RKVXF: ('Connection aborted.', ConnectionResetError(10054, 'An existing connection was forcibly closed by the remote host', None, 10054, None))
2025-07-22 02:50:23,507 - ERROR - SELENIUM: Beklenmedik bir hata oluştu: HTTPSConnectionPool(host='googlechromelabs.github.io', port=443): Read timed out. (read timeout=None)
Traceback (most recent call last):
  File "C:\Users\Harun\PycharmProjects\amazonpricealertTelegramBot\.venv\Lib\site-packages\urllib3\connectionpool.py", line 464, in _make_request
    self._validate_conn(conn)
    ~~~~~~~~~~~~~~~~~~~^^^^^^
  File "C:\Users\Harun\PycharmProjects\amazonpricealertTelegramBot\.venv\Lib\site-packages\urllib3\connectionpool.py", line 1093, in _validate_conn
    conn.connect()
    ~~~~~~~~~~~~^^
  File "C:\Users\Harun\PycharmProjects\amazonpricealertTelegramBot\.venv\Lib\site-packages\urllib3\connection.py", line 741, in connect
    sock_and_verified = _ssl_wrap_socket_and_match_hostname(
        sock=sock,
    ...<14 lines>...
        assert_fingerprint=self.assert_fingerprint,
    )
  File "C:\Users\Harun\PycharmProjects\amazonpricealertTelegramBot\.venv\Lib\site-packages\urllib3\connection.py", line 920, in _ssl_wrap_socket_and_match_hostname
    ssl_sock = ssl_wrap_socket(
        sock=sock,
    ...<8 lines>...
        tls_in_tls=tls_in_tls,
    )
  File "C:\Users\Harun\PycharmProjects\amazonpricealertTelegramBot\.venv\Lib\site-packages\urllib3\util\ssl_.py", line 480, in ssl_wrap_socket
    ssl_sock = _ssl_wrap_socket_impl(sock, context, tls_in_tls, server_hostname)
  File "C:\Users\Harun\PycharmProjects\amazonpricealertTelegramBot\.venv\Lib\site-packages\urllib3\util\ssl_.py", line 524, in _ssl_wrap_socket_impl
    return ssl_context.wrap_socket(sock, server_hostname=server_hostname)
           ~~~~~~~~~~~~~~~~~~~~~~~^^^^^^^^^^^^^^^^^^^^^^^^^^^^^^^^^^^^^^^
  File "C:\Users\Harun\AppData\Local\Programs\Python\Python313\Lib\ssl.py", line 455, in wrap_socket
    return self.sslsocket_class._create(
           ~~~~~~~~~~~~~~~~~~~~~~~~~~~~^
        sock=sock,
        ^^^^^^^^^^
    ...<5 lines>...
        session=session
        ^^^^^^^^^^^^^^^
    )
    ^
  File "C:\Users\Harun\AppData\Local\Programs\Python\Python313\Lib\ssl.py", line 1076, in _create
    self.do_handshake()
    ~~~~~~~~~~~~~~~~~^^
  File "C:\Users\Harun\AppData\Local\Programs\Python\Python313\Lib\ssl.py", line 1372, in do_handshake
    self._sslobj.do_handshake()
    ~~~~~~~~~~~~~~~~~~~~~~~~~^^
TimeoutError: [WinError 10060] A connection attempt failed because the connected party did not properly respond after a period of time, or established connection failed because connected host has failed to respond

The above exception was the direct cause of the following exception:

Traceback (most recent call last):
  File "C:\Users\Harun\PycharmProjects\amazonpricealertTelegramBot\.venv\Lib\site-packages\requests\adapters.py", line 486, in send
    resp = conn.urlopen(
        method=request.method,
    ...<9 lines>...
        chunked=chunked,
    )
  File "C:\Users\Harun\PycharmProjects\amazonpricealertTelegramBot\.venv\Lib\site-packages\urllib3\connectionpool.py", line 841, in urlopen
    retries = retries.increment(
        method, url, error=new_e, _pool=self, _stacktrace=sys.exc_info()[2]
    )
  File "C:\Users\Harun\PycharmProjects\amazonpricealertTelegramBot\.venv\Lib\site-packages\urllib3\util\retry.py", line 474, in increment
    raise reraise(type(error), error, _stacktrace)
          ~~~~~~~^^^^^^^^^^^^^^^^^^^^^^^^^^^^^^^^^
  File "C:\Users\Harun\PycharmProjects\amazonpricealertTelegramBot\.venv\Lib\site-packages\urllib3\util\util.py", line 39, in reraise
    raise value
  File "C:\Users\Harun\PycharmProjects\amazonpricealertTelegramBot\.venv\Lib\site-packages\urllib3\connectionpool.py", line 787, in urlopen
    response = self._make_request(
        conn,
    ...<10 lines>...
        **response_kw,
    )
  File "C:\Users\Harun\PycharmProjects\amazonpricealertTelegramBot\.venv\Lib\site-packages\urllib3\connectionpool.py", line 488, in _make_request
    raise new_e
  File "C:\Users\Harun\PycharmProjects\amazonpricealertTelegramBot\.venv\Lib\site-packages\urllib3\connectionpool.py", line 466, in _make_request
    self._raise_timeout(err=e, url=url, timeout_value=conn.timeout)
    ~~~~~~~~~~~~~~~~~~~^^^^^^^^^^^^^^^^^^^^^^^^^^^^^^^^^^^^^^^^^^^^
  File "C:\Users\Harun\PycharmProjects\amazonpricealertTelegramBot\.venv\Lib\site-packages\urllib3\connectionpool.py", line 367, in _raise_timeout
    raise ReadTimeoutError(
        self, url, f"Read timed out. (read timeout={timeout_value})"
    ) from err
urllib3.exceptions.ReadTimeoutError: HTTPSConnectionPool(host='googlechromelabs.github.io', port=443): Read timed out. (read timeout=None)

During handling of the above exception, another exception occurred:

Traceback (most recent call last):
  File "C:\Users\Harun\PycharmProjects\amazonpricealertTelegramBot\amazon.price.alert.py", line 141, in get_hepsiburada_price_with_selenium
    service = Service(ChromeDriverManager().install())
                      ~~~~~~~~~~~~~~~~~~~~~~~~~~~~~^^
  File "C:\Users\Harun\PycharmProjects\amazonpricealertTelegramBot\.venv\Lib\site-packages\webdriver_manager\chrome.py", line 40, in install
    driver_path = self._get_driver_binary_path(self.driver)
  File "C:\Users\Harun\PycharmProjects\amazonpricealertTelegramBot\.venv\Lib\site-packages\webdriver_manager\core\manager.py", line 35, in _get_driver_binary_path
    binary_path = self._cache_manager.find_driver(driver)
  File "C:\Users\Harun\PycharmProjects\amazonpricealertTelegramBot\.venv\Lib\site-packages\webdriver_manager\core\driver_cache.py", line 110, in find_driver
    key = self.__get_metadata_key(driver)
  File "C:\Users\Harun\PycharmProjects\amazonpricealertTelegramBot\.venv\Lib\site-packages\webdriver_manager\core\driver_cache.py", line 144, in __get_metadata_key
    driver_version = self.get_cache_key_driver_version(driver)
  File "C:\Users\Harun\PycharmProjects\amazonpricealertTelegramBot\.venv\Lib\site-packages\webdriver_manager\core\driver_cache.py", line 154, in get_cache_key_driver_version
    return driver.get_driver_version_to_download()
           ~~~~~~~~~~~~~~~~~~~~~~~~~~~~~~~~~~~~~^^
  File "C:\Users\Harun\PycharmProjects\amazonpricealertTelegramBot\.venv\Lib\site-packages\webdriver_manager\core\driver.py", line 48, in get_driver_version_to_download
    return self.get_latest_release_version()
           ~~~~~~~~~~~~~~~~~~~~~~~~~~~~~~~^^
  File "C:\Users\Harun\PycharmProjects\amazonpricealertTelegramBot\.venv\Lib\site-packages\webdriver_manager\drivers\chrome.py", line 59, in get_latest_release_version
    response = self._http_client.get(url)
  File "C:\Users\Harun\PycharmProjects\amazonpricealertTelegramBot\.venv\Lib\site-packages\webdriver_manager\core\http.py", line 32, in get
    resp = requests.get(
        url=url, verify=self._ssl_verify, stream=True, **kwargs)
  File "C:\Users\Harun\PycharmProjects\amazonpricealertTelegramBot\.venv\Lib\site-packages\requests\api.py", line 73, in get
    return request("get", url, params=params, **kwargs)
  File "C:\Users\Harun\PycharmProjects\amazonpricealertTelegramBot\.venv\Lib\site-packages\requests\api.py", line 59, in request
    return session.request(method=method, url=url, **kwargs)
           ~~~~~~~~~~~~~~~^^^^^^^^^^^^^^^^^^^^^^^^^^^^^^^^^^
  File "C:\Users\Harun\PycharmProjects\amazonpricealertTelegramBot\.venv\Lib\site-packages\requests\sessions.py", line 589, in request
    resp = self.send(prep, **send_kwargs)
  File "C:\Users\Harun\PycharmProjects\amazonpricealertTelegramBot\.venv\Lib\site-packages\requests\sessions.py", line 703, in send
    r = adapter.send(request, **kwargs)
  File "C:\Users\Harun\PycharmProjects\amazonpricealertTelegramBot\.venv\Lib\site-packages\requests\adapters.py", line 532, in send
    raise ReadTimeout(e, request=request)
requests.exceptions.ReadTimeout: HTTPSConnectionPool(host='googlechromelabs.github.io', port=443): Read timed out. (read timeout=None)
2025-07-22 02:50:37,768 - ERROR - All 2 retries failed for product ID 31 (https://www.hepsiburada.com/grillmate-gm60-ka-dokum-izgarali-katlanir-ayakli-mangal-pm-HBC00006RKVXF).
2025-07-22 02:51:39,298 - ERROR - All 2 retries failed for product ID 32 (https://www.trendyol.com/hoover/hle-c10dg-17-10-kg-nfc-baglantili-kurutma-makinesi-p-216657679).
2025-07-22 02:52:28,955 - ERROR - All 2 retries failed for product ID 33 (https://www.trendyol.com/neutron/akilli-wi-fi-destekli-4-lu-akim-korumali-priz-p-347127121?boutiqueId=61&merchantId=107514&adjust_t=mk12x3o_m4o2h83&adjust_tracker_limit=999999999&utm_campaign=347127121&adjust_campaign=product_free_20256239_TR&adjust_creative=347127121&adjust_adgroup=10629080&utm_term=10629080&link_contentid=347127121&utm_source=share&utm_medium=product_free&link_userID=10629080).
2025-07-22 02:54:50,543 - ERROR - All 2 retries failed for product ID 35 (https://www.mediamarkt.com.tr/tr/product/_meross-matter-akilli-priz-beyaz-1247481.html).
2025-07-22 02:55:01,252 - ERROR - Connection error for https://www.trendyol.com/sword/wi-fi-akilli-priz-30w-type-c-akim-korumali-3-lu-priz-3-usb-uzaktan-kontrol-ve-zaman-ayarli-sw-3pu1c-p-698472817?boutiqueId=61&merchantId=405920: ('Connection aborted.', ConnectionResetError(10054, 'An existing connection was forcibly closed by the remote host', None, 10054, None))
2025-07-22 02:55:45,200 - ERROR - All 2 retries failed for product ID 36 (https://www.trendyol.com/sword/wi-fi-akilli-priz-30w-type-c-akim-korumali-3-lu-priz-3-usb-uzaktan-kontrol-ve-zaman-ayarli-sw-3pu1c-p-698472817?boutiqueId=61&merchantId=405920).
2025-07-22 02:56:06,709 - ERROR - Timeout occurred for https://www.hepsiburada.com/yatas-black-ice-yayli-yatak-black-ice-visco-yastik-hediyeli-p-HBCV00008OYJ3Z
2025-07-22 02:57:47,357 - ERROR - SELENIUM: Beklenmedik bir hata oluştu: Message: 
Stacktrace:
	GetHandleVerifier [0x0xe01a33+62339]
	GetHandleVerifier [0x0xe01a74+62404]
	(No symbol) [0x0xc42123]
	(No symbol) [0x0xc8a86e]
	(No symbol) [0x0xc8ac0b]
	(No symbol) [0x0xcd2f72]
	(No symbol) [0x0xcaf404]
	(No symbol) [0x0xcd07a3]
	(No symbol) [0x0xcaf1b6]
	(No symbol) [0x0xc7e7a2]
	(No symbol) [0x0xc7f644]
	GetHandleVerifier [0x0x10765c3+2637587]
	GetHandleVerifier [0x0x10719ca+2618138]
	GetHandleVerifier [0x0xe284aa+220666]
	GetHandleVerifier [0x0xe188d8+156200]
	GetHandleVerifier [0x0xe1f06d+182717]
	GetHandleVerifier [0x0xe09978+94920]
	GetHandleVerifier [0x0xe09b02+95314]
	GetHandleVerifier [0x0xdf4c4a+9626]
	BaseThreadInitThunk [0x0x74fa5d49+25]
	RtlInitializeExceptionChain [0x0x7739cf0b+107]
	RtlGetAppContainerNamedObjectPath [0x0x7739ce91+561]
Traceback (most recent call last):
  File "C:\Users\Harun\PycharmProjects\amazonpricealertTelegramBot\amazon.price.alert.py", line 155, in get_hepsiburada_price_with_selenium
    WebDriverWait(driver, 20).until(EC.presence_of_element_located((By.ID, 'reduxStore')))
    ~~~~~~~~~~~~~~~~~~~~~~~~~~~~~~~^^^^^^^^^^^^^^^^^^^^^^^^^^^^^^^^^^^^^^^^^^^^^^^^^^^^^^^
  File "C:\Users\Harun\PycharmProjects\amazonpricealertTelegramBot\.venv\Lib\site-packages\selenium\webdriver\support\wait.py", line 95, in until
    raise TimeoutException(message, screen, stacktrace)
selenium.common.exceptions.TimeoutException: Message: 
Stacktrace:
	GetHandleVerifier [0x0xe01a33+62339]
	GetHandleVerifier [0x0xe01a74+62404]
	(No symbol) [0x0xc42123]
	(No symbol) [0x0xc8a86e]
	(No symbol) [0x0xc8ac0b]
	(No symbol) [0x0xcd2f72]
	(No symbol) [0x0xcaf404]
	(No symbol) [0x0xcd07a3]
	(No symbol) [0x0xcaf1b6]
	(No symbol) [0x0xc7e7a2]
	(No symbol) [0x0xc7f644]
	GetHandleVerifier [0x0x10765c3+2637587]
	GetHandleVerifier [0x0x10719ca+2618138]
	GetHandleVerifier [0x0xe284aa+220666]
	GetHandleVerifier [0x0xe188d8+156200]
	GetHandleVerifier [0x0xe1f06d+182717]
	GetHandleVerifier [0x0xe09978+94920]
	GetHandleVerifier [0x0xe09b02+95314]
	GetHandleVerifier [0x0xdf4c4a+9626]
	BaseThreadInitThunk [0x0x74fa5d49+25]
	RtlInitializeExceptionChain [0x0x7739cf0b+107]
	RtlGetAppContainerNamedObjectPath [0x0x7739ce91+561]

2025-07-22 02:58:25,455 - ERROR - Timeout occurred for https://www.hepsiburada.com/yatas-black-ice-yayli-yatak-black-ice-visco-yastik-hediyeli-p-HBCV00008OYJ3Z
2025-07-22 03:03:20,863 - ERROR - Connection error for https://www.amazon.com.tr/dp/B0DQLL7HWR?pbs=go&tag=onual_firsat-35901-21: ('Connection aborted.', ConnectionResetError(10054, 'An existing connection was forcibly closed by the remote host', None, 10054, None))
2025-07-22 03:04:16,908 - ERROR - Connection error for https://www.amazon.com.tr/anocin-Bromelain-QUERCET%C4%B0N-V%C4%B0TAM%C4%B0N-BROMELAIN/dp/B0CZC8L9X2?pd_rd_w=XWotS&content-id=amzn1.sym.70cba377-ac68-4543-84d4-c32625508a32&pf_rd_p=70cba377-ac68-4543-84d4-c32625508a32&pf_rd_r=XDMJKSQVQPMTMD1HXY6J&pd_rd_wg=NFdIU&pd_rd_r=f90eaa2a-e262-4685-959e-46d4d891ca21&pd_rd_i=B0CZC8L9X2&psc=1&ref_=pd_bap_d_grid_rp_0_1_ec_pr_pd_rhf_ee_s_rp_c_d_sccl_1_7_t: ('Connection aborted.', ConnectionResetError(10054, 'An existing connection was forcibly closed by the remote host', None, 10054, None))
2025-07-22 03:14:58,019 - ERROR - Connection error for https://www.amazon.com.tr/gp/product/B0001D1QOK/ref=ox_sc_saved_image_6?smid=A1UNQM1SR2CHM&th=1: ('Connection aborted.', ConnectionResetError(10054, 'An existing connection was forcibly closed by the remote host', None, 10054, None))
2025-07-22 03:16:49,344 - ERROR - Connection error for https://www.amazon.com.tr/gp/product/B0CJRQZF8R/ref=ox_sc_act_title_1?smid=A1UNQM1SR2CHM&psc=1: ('Connection aborted.', ConnectionResetError(10054, 'An existing connection was forcibly closed by the remote host', None, 10054, None))
2025-07-22 03:19:20,661 - ERROR - Connection error for https://www.amazon.com.tr/gp/product/B0CBFZYL3S/ref=ox_sc_saved_image_3?smid=A1UNQM1SR2CHM&psc=1: ('Connection aborted.', ConnectionResetError(10054, 'An existing connection was forcibly closed by the remote host', None, 10054, None))
2025-07-22 03:25:06,928 - ERROR - Connection error for https://www.amazon.com.tr/dp/B00AYY021E/?coliid=I1KN06MEUKY7MF&colid=23A34QHGOQ5YA&ref_=list_c_wl_lv_ov_lig_dp_it&th=1: HTTPSConnectionPool(host='www.amazon.com.tr', port=443): Read timed out.
2025-07-22 03:25:44,084 - ERROR - Timeout occurred for https://www.amazon.com.tr/dp/B00AYY021E/?coliid=I1KN06MEUKY7MF&colid=23A34QHGOQ5YA&ref_=list_c_wl_lv_ov_lig_dp_it&th=1
2025-07-22 03:25:58,341 - ERROR - All 2 retries failed for product ID 10 (https://www.amazon.com.tr/dp/B00AYY021E/?coliid=I1KN06MEUKY7MF&colid=23A34QHGOQ5YA&ref_=list_c_wl_lv_ov_lig_dp_it&th=1).
2025-07-22 03:26:18,751 - ERROR - Timeout occurred for https://www.amazon.com.tr/gp/product/B08DL2NHPL/ref=ox_sc_saved_image_4?smid=A1UNQM1SR2CHM&psc=1
2025-07-22 03:33:21,910 - ERROR - Connection error for https://www.amazon.com.tr/dp/B086Q1RTPJ/?coliid=IDZRTWPT9JCW&colid=23A34QHGOQ5YA&psc=1&ref_=list_c_wl_lv_ov_lig_dp_it: HTTPSConnectionPool(host='www.amazon.com.tr', port=443): Read timed out.
2025-07-22 03:34:21,131 - ERROR - Connection error for https://www.amazon.com.tr/dp/B086Q1RTPJ/?coliid=IDZRTWPT9JCW&colid=23A34QHGOQ5YA&psc=1&ref_=list_c_wl_lv_ov_lig_dp_it: HTTPSConnectionPool(host='www.amazon.com.tr', port=443): Read timed out.
2025-07-22 03:34:35,378 - ERROR - All 2 retries failed for product ID 16 (https://www.amazon.com.tr/dp/B086Q1RTPJ/?coliid=IDZRTWPT9JCW&colid=23A34QHGOQ5YA&psc=1&ref_=list_c_wl_lv_ov_lig_dp_it).
2025-07-22 03:37:50,131 - ERROR - All 2 retries failed for product ID 21 (https://www.trendyol.com/bissell/spinwave-cordless-kablosuz-zemin-silme-makinesi-p-125828676?boutiqueId=61).
2025-07-22 03:38:50,620 - ERROR - Connection error for https://www.amazon.com.tr/dp/B0BN6L2SRM?ref=cm_sw_r_cso_cp_apin_dp_DHTYZQ2C2DF5SS8JDD41&ref_=cm_sw_r_cso_cp_apin_dp_DHTYZQ2C2DF5SS8JDD41&social_share=cm_sw_r_cso_cp_apin_dp_DHTYZQ2C2DF5SS8JDD41&previewDoh=1&th=1&psc=1: HTTPSConnectionPool(host='www.amazon.com.tr', port=443): Read timed out.
2025-07-22 03:39:17,134 - ERROR - Connection error for https://www.amazon.com.tr/dp/B0BN6L2SRM?ref=cm_sw_r_cso_cp_apin_dp_DHTYZQ2C2DF5SS8JDD41&ref_=cm_sw_r_cso_cp_apin_dp_DHTYZQ2C2DF5SS8JDD41&social_share=cm_sw_r_cso_cp_apin_dp_DHTYZQ2C2DF5SS8JDD41&previewDoh=1&th=1&psc=1: ('Connection aborted.', ConnectionResetError(10054, 'An existing connection was forcibly closed by the remote host', None, 10054, None))
2025-07-22 03:39:31,384 - ERROR - All 2 retries failed for product ID 22 (https://www.amazon.com.tr/dp/B0BN6L2SRM?ref=cm_sw_r_cso_cp_apin_dp_DHTYZQ2C2DF5SS8JDD41&ref_=cm_sw_r_cso_cp_apin_dp_DHTYZQ2C2DF5SS8JDD41&social_share=cm_sw_r_cso_cp_apin_dp_DHTYZQ2C2DF5SS8JDD41&previewDoh=1&th=1&psc=1).
2025-07-22 03:39:52,469 - ERROR - Timeout occurred for https://www.amazon.com.tr/dp/B0D9FM7FMT?ref=cm_sw_r_cso_cp_apin_dp_4RX7HSESKENSK2A7J6XQ&ref_=cm_sw_r_cso_cp_apin_dp_4RX7HSESKENSK2A7J6XQ&social_share=cm_sw_r_cso_cp_apin_dp_4RX7HSESKENSK2A7J6XQ&previewDoh=1
2025-07-22 03:40:52,496 - ERROR - Connection error for https://www.amazon.com.tr/dp/B0D9FM7FMT?ref=cm_sw_r_cso_cp_apin_dp_4RX7HSESKENSK2A7J6XQ&ref_=cm_sw_r_cso_cp_apin_dp_4RX7HSESKENSK2A7J6XQ&social_share=cm_sw_r_cso_cp_apin_dp_4RX7HSESKENSK2A7J6XQ&previewDoh=1: HTTPSConnectionPool(host='www.amazon.com.tr', port=443): Read timed out.
2025-07-22 03:41:06,745 - ERROR - All 2 retries failed for product ID 23 (https://www.amazon.com.tr/dp/B0D9FM7FMT?ref=cm_sw_r_cso_cp_apin_dp_4RX7HSESKENSK2A7J6XQ&ref_=cm_sw_r_cso_cp_apin_dp_4RX7HSESKENSK2A7J6XQ&social_share=cm_sw_r_cso_cp_apin_dp_4RX7HSESKENSK2A7J6XQ&previewDoh=1).
2025-07-22 03:41:19,350 - ERROR - Connection error for https://www.amazon.com.tr/gp/product/B0CJRQ8V1L/ref=ox_sc_act_title_1?smid=A1UNQM1SR2CHM&th=1&psc=1: ('Connection aborted.', ConnectionResetError(10054, 'An existing connection was forcibly closed by the remote host', None, 10054, None))
2025-07-22 03:43:59,439 - ERROR - All 2 retries failed for product ID 25 (https://www.trendyol.com/xiaomi/router-ax1500-wifi-6-2-4ghz-5ghz-p-854126763?boutiqueId=681310&merchantId=968&v=1.27.2&utm_campaign=DonanimHaber&utm_medium=referral&utm_source=DonanimHaber).
2025-07-22 03:44:23,423 - ERROR - Timeout occurred for https://www.amazon.com.tr/Grillmate-Asans%C3%B6rl%C3%BC-Izgaral%C4%B1-Katlan%C4%B1r-Barbek%C3%BC/dp/B09RG6QSMV/ref=sr_1_2?__mk_tr_TR=%C3%85M%C3%85%C5%BD%C3%95%C3%91&crid=1UKDBU1R26FYF&dib=eyJ2IjoiMSJ9.tI-53a1e0kRHLXkAgAf-CW59KCsVQ5rDAV10hjLLWH1K4urgdke5xV7P1EzcvEwLBkFC-97qAARPsfFFWigmXv_EZLKV96kjap0-6F9wpaKp7bdAOmrbTbGnSRJ5cM0WF79w9ygWlCta2U91HBwKOMEMSrm-ICrvlJDNlHbJE60mG78rfMv6GDIY4z6NokGnQN_Yy9TPED7w0S9ES6oBZXIddZk-_37QzgfT7FE-fNSH_ghTBk22sLE0je29VMpA.yOAtFzLpowz1MBeF6jEIy2V69w0TZRwas0yZMSqi0wc&dib_tag=se&keywords=grillmate+gm60&qid=1749816848&sprefix=grillmate+gm6%2Caps%2C302&sr=8-2
2025-07-22 03:46:09,927 - ERROR - All 2 retries failed for product ID 27 (https://www.trendyol.com/grillmate/gm60-katlanir-ayakli-ve-dokum-izgarali-mangal-p-804298355).
2025-07-22 03:46:27,525 - ERROR - Timeout occurred for https://www.hepsiburada.com/sonoff-mini-r4-matter-akilli-role-p-HBCV00005TO34S
2025-07-22 03:51:25,111 - ERROR - Connection error for https://www.hepsiburada.com/yatsan-one-by-tempur-20-cm-yatak-p-HBCV00000GSHTW: ('Connection aborted.', ConnectionResetError(10054, 'An existing connection was forcibly closed by the remote host', None, 10054, None))
2025-07-22 03:51:42,805 - ERROR - SELENIUM: Beklenmedik bir hata oluştu: Could not reach host. Are you offline?
Traceback (most recent call last):
  File "C:\Users\Harun\PycharmProjects\amazonpricealertTelegramBot\.venv\Lib\site-packages\urllib3\connectionpool.py", line 787, in urlopen
    response = self._make_request(
        conn,
    ...<10 lines>...
        **response_kw,
    )
  File "C:\Users\Harun\PycharmProjects\amazonpricealertTelegramBot\.venv\Lib\site-packages\urllib3\connectionpool.py", line 488, in _make_request
    raise new_e
  File "C:\Users\Harun\PycharmProjects\amazonpricealertTelegramBot\.venv\Lib\site-packages\urllib3\connectionpool.py", line 464, in _make_request
    self._validate_conn(conn)
    ~~~~~~~~~~~~~~~~~~~^^^^^^
  File "C:\Users\Harun\PycharmProjects\amazonpricealertTelegramBot\.venv\Lib\site-packages\urllib3\connectionpool.py", line 1093, in _validate_conn
    conn.connect()
    ~~~~~~~~~~~~^^
  File "C:\Users\Harun\PycharmProjects\amazonpricealertTelegramBot\.venv\Lib\site-packages\urllib3\connection.py", line 741, in connect
    sock_and_verified = _ssl_wrap_socket_and_match_hostname(
        sock=sock,
    ...<14 lines>...
        assert_fingerprint=self.assert_fingerprint,
    )
  File "C:\Users\Harun\PycharmProjects\amazonpricealertTelegramBot\.venv\Lib\site-packages\urllib3\connection.py", line 920, in _ssl_wrap_socket_and_match_hostname
    ssl_sock = ssl_wrap_socket(
        sock=sock,
    ...<8 lines>...
        tls_in_tls=tls_in_tls,
    )
  File "C:\Users\Harun\PycharmProjects\amazonpricealertTelegramBot\.venv\Lib\site-packages\urllib3\util\ssl_.py", line 480, in ssl_wrap_socket
    ssl_sock = _ssl_wrap_socket_impl(sock, context, tls_in_tls, server_hostname)
  File "C:\Users\Harun\PycharmProjects\amazonpricealertTelegramBot\.venv\Lib\site-packages\urllib3\util\ssl_.py", line 524, in _ssl_wrap_socket_impl
    return ssl_context.wrap_socket(sock, server_hostname=server_hostname)
           ~~~~~~~~~~~~~~~~~~~~~~~^^^^^^^^^^^^^^^^^^^^^^^^^^^^^^^^^^^^^^^
  File "C:\Users\Harun\AppData\Local\Programs\Python\Python313\Lib\ssl.py", line 455, in wrap_socket
    return self.sslsocket_class._create(
           ~~~~~~~~~~~~~~~~~~~~~~~~~~~~^
        sock=sock,
        ^^^^^^^^^^
    ...<5 lines>...
        session=session
        ^^^^^^^^^^^^^^^
    )
    ^
  File "C:\Users\Harun\AppData\Local\Programs\Python\Python313\Lib\ssl.py", line 1076, in _create
    self.do_handshake()
    ~~~~~~~~~~~~~~~~~^^
  File "C:\Users\Harun\AppData\Local\Programs\Python\Python313\Lib\ssl.py", line 1372, in do_handshake
    self._sslobj.do_handshake()
    ~~~~~~~~~~~~~~~~~~~~~~~~~^^
ConnectionResetError: [WinError 10054] An existing connection was forcibly closed by the remote host

During handling of the above exception, another exception occurred:

Traceback (most recent call last):
  File "C:\Users\Harun\PycharmProjects\amazonpricealertTelegramBot\.venv\Lib\site-packages\requests\adapters.py", line 486, in send
    resp = conn.urlopen(
        method=request.method,
    ...<9 lines>...
        chunked=chunked,
    )
  File "C:\Users\Harun\PycharmProjects\amazonpricealertTelegramBot\.venv\Lib\site-packages\urllib3\connectionpool.py", line 841, in urlopen
    retries = retries.increment(
        method, url, error=new_e, _pool=self, _stacktrace=sys.exc_info()[2]
    )
  File "C:\Users\Harun\PycharmProjects\amazonpricealertTelegramBot\.venv\Lib\site-packages\urllib3\util\retry.py", line 474, in increment
    raise reraise(type(error), error, _stacktrace)
          ~~~~~~~^^^^^^^^^^^^^^^^^^^^^^^^^^^^^^^^^
  File "C:\Users\Harun\PycharmProjects\amazonpricealertTelegramBot\.venv\Lib\site-packages\urllib3\util\util.py", line 38, in reraise
    raise value.with_traceback(tb)
  File "C:\Users\Harun\PycharmProjects\amazonpricealertTelegramBot\.venv\Lib\site-packages\urllib3\connectionpool.py", line 787, in urlopen
    response = self._make_request(
        conn,
    ...<10 lines>...
        **response_kw,
    )
  File "C:\Users\Harun\PycharmProjects\amazonpricealertTelegramBot\.venv\Lib\site-packages\urllib3\connectionpool.py", line 488, in _make_request
    raise new_e
  File "C:\Users\Harun\PycharmProjects\amazonpricealertTelegramBot\.venv\Lib\site-packages\urllib3\connectionpool.py", line 464, in _make_request
    self._validate_conn(conn)
    ~~~~~~~~~~~~~~~~~~~^^^^^^
  File "C:\Users\Harun\PycharmProjects\amazonpricealertTelegramBot\.venv\Lib\site-packages\urllib3\connectionpool.py", line 1093, in _validate_conn
    conn.connect()
    ~~~~~~~~~~~~^^
  File "C:\Users\Harun\PycharmProjects\amazonpricealertTelegramBot\.venv\Lib\site-packages\urllib3\connection.py", line 741, in connect
    sock_and_verified = _ssl_wrap_socket_and_match_hostname(
        sock=sock,
    ...<14 lines>...
        assert_fingerprint=self.assert_fingerprint,
    )
  File "C:\Users\Harun\PycharmProjects\amazonpricealertTelegramBot\.venv\Lib\site-packages\urllib3\connection.py", line 920, in _ssl_wrap_socket_and_match_hostname
    ssl_sock = ssl_wrap_socket(
        sock=sock,
    ...<8 lines>...
        tls_in_tls=tls_in_tls,
    )
  File "C:\Users\Harun\PycharmProjects\amazonpricealertTelegramBot\.venv\Lib\site-packages\urllib3\util\ssl_.py", line 480, in ssl_wrap_socket
    ssl_sock = _ssl_wrap_socket_impl(sock, context, tls_in_tls, server_hostname)
  File "C:\Users\Harun\PycharmProjects\amazonpricealertTelegramBot\.venv\Lib\site-packages\urllib3\util\ssl_.py", line 524, in _ssl_wrap_socket_impl
    return ssl_context.wrap_socket(sock, server_hostname=server_hostname)
           ~~~~~~~~~~~~~~~~~~~~~~~^^^^^^^^^^^^^^^^^^^^^^^^^^^^^^^^^^^^^^^
  File "C:\Users\Harun\AppData\Local\Programs\Python\Python313\Lib\ssl.py", line 455, in wrap_socket
    return self.sslsocket_class._create(
           ~~~~~~~~~~~~~~~~~~~~~~~~~~~~^
        sock=sock,
        ^^^^^^^^^^
    ...<5 lines>...
        session=session
        ^^^^^^^^^^^^^^^
    )
    ^
  File "C:\Users\Harun\AppData\Local\Programs\Python\Python313\Lib\ssl.py", line 1076, in _create
    self.do_handshake()
    ~~~~~~~~~~~~~~~~~^^
  File "C:\Users\Harun\AppData\Local\Programs\Python\Python313\Lib\ssl.py", line 1372, in do_handshake
    self._sslobj.do_handshake()
    ~~~~~~~~~~~~~~~~~~~~~~~~~^^
urllib3.exceptions.ProtocolError: ('Connection aborted.', ConnectionResetError(10054, 'An existing connection was forcibly closed by the remote host', None, 10054, None))

During handling of the above exception, another exception occurred:

Traceback (most recent call last):
  File "C:\Users\Harun\PycharmProjects\amazonpricealertTelegramBot\.venv\Lib\site-packages\webdriver_manager\core\http.py", line 32, in get
    resp = requests.get(
        url=url, verify=self._ssl_verify, stream=True, **kwargs)
  File "C:\Users\Harun\PycharmProjects\amazonpricealertTelegramBot\.venv\Lib\site-packages\requests\api.py", line 73, in get
    return request("get", url, params=params, **kwargs)
  File "C:\Users\Harun\PycharmProjects\amazonpricealertTelegramBot\.venv\Lib\site-packages\requests\api.py", line 59, in request
    return session.request(method=method, url=url, **kwargs)
           ~~~~~~~~~~~~~~~^^^^^^^^^^^^^^^^^^^^^^^^^^^^^^^^^^
  File "C:\Users\Harun\PycharmProjects\amazonpricealertTelegramBot\.venv\Lib\site-packages\requests\sessions.py", line 589, in request
    resp = self.send(prep, **send_kwargs)
  File "C:\Users\Harun\PycharmProjects\amazonpricealertTelegramBot\.venv\Lib\site-packages\requests\sessions.py", line 703, in send
    r = adapter.send(request, **kwargs)
  File "C:\Users\Harun\PycharmProjects\amazonpricealertTelegramBot\.venv\Lib\site-packages\requests\adapters.py", line 501, in send
    raise ConnectionError(err, request=request)
requests.exceptions.ConnectionError: ('Connection aborted.', ConnectionResetError(10054, 'An existing connection was forcibly closed by the remote host', None, 10054, None))

During handling of the above exception, another exception occurred:

Traceback (most recent call last):
  File "C:\Users\Harun\PycharmProjects\amazonpricealertTelegramBot\amazon.price.alert.py", line 141, in get_hepsiburada_price_with_selenium
    service = Service(ChromeDriverManager().install())
                      ~~~~~~~~~~~~~~~~~~~~~~~~~~~~~^^
  File "C:\Users\Harun\PycharmProjects\amazonpricealertTelegramBot\.venv\Lib\site-packages\webdriver_manager\chrome.py", line 40, in install
    driver_path = self._get_driver_binary_path(self.driver)
  File "C:\Users\Harun\PycharmProjects\amazonpricealertTelegramBot\.venv\Lib\site-packages\webdriver_manager\core\manager.py", line 35, in _get_driver_binary_path
    binary_path = self._cache_manager.find_driver(driver)
  File "C:\Users\Harun\PycharmProjects\amazonpricealertTelegramBot\.venv\Lib\site-packages\webdriver_manager\core\driver_cache.py", line 107, in find_driver
    driver_version = self.get_cache_key_driver_version(driver)
  File "C:\Users\Harun\PycharmProjects\amazonpricealertTelegramBot\.venv\Lib\site-packages\webdriver_manager\core\driver_cache.py", line 154, in get_cache_key_driver_version
    return driver.get_driver_version_to_download()
           ~~~~~~~~~~~~~~~~~~~~~~~~~~~~~~~~~~~~~^^
  File "C:\Users\Harun\PycharmProjects\amazonpricealertTelegramBot\.venv\Lib\site-packages\webdriver_manager\core\driver.py", line 48, in get_driver_version_to_download
    return self.get_latest_release_version()
           ~~~~~~~~~~~~~~~~~~~~~~~~~~~~~~~^^
  File "C:\Users\Harun\PycharmProjects\amazonpricealertTelegramBot\.venv\Lib\site-packages\webdriver_manager\drivers\chrome.py", line 59, in get_latest_release_version
    response = self._http_client.get(url)
  File "C:\Users\Harun\PycharmProjects\amazonpricealertTelegramBot\.venv\Lib\site-packages\webdriver_manager\core\http.py", line 35, in get
    raise exceptions.ConnectionError(f"Could not reach host. Are you offline?")
requests.exceptions.ConnectionError: Could not reach host. Are you offline?
2025-07-22 03:52:14,103 - ERROR - Timeout occurred for https://www.hepsiburada.com/yatsan-one-by-tempur-20-cm-yatak-p-HBCV00000GSHTW
2025-07-22 03:53:46,007 - ERROR - SELENIUM: Beklenmedik bir hata oluştu: Message: 
Stacktrace:
	GetHandleVerifier [0x0xe01a33+62339]
	GetHandleVerifier [0x0xe01a74+62404]
	(No symbol) [0x0xc42123]
	(No symbol) [0x0xc8a86e]
	(No symbol) [0x0xc8ac0b]
	(No symbol) [0x0xcd2f72]
	(No symbol) [0x0xcaf404]
	(No symbol) [0x0xcd07a3]
	(No symbol) [0x0xcaf1b6]
	(No symbol) [0x0xc7e7a2]
	(No symbol) [0x0xc7f644]
	GetHandleVerifier [0x0x10765c3+2637587]
	GetHandleVerifier [0x0x10719ca+2618138]
	GetHandleVerifier [0x0xe284aa+220666]
	GetHandleVerifier [0x0xe188d8+156200]
	GetHandleVerifier [0x0xe1f06d+182717]
	GetHandleVerifier [0x0xe09978+94920]
	GetHandleVerifier [0x0xe09b02+95314]
	GetHandleVerifier [0x0xdf4c4a+9626]
	BaseThreadInitThunk [0x0x74fa5d49+25]
	RtlInitializeExceptionChain [0x0x7739cf0b+107]
	RtlGetAppContainerNamedObjectPath [0x0x7739ce91+561]
Traceback (most recent call last):
  File "C:\Users\Harun\PycharmProjects\amazonpricealertTelegramBot\amazon.price.alert.py", line 155, in get_hepsiburada_price_with_selenium
    WebDriverWait(driver, 20).until(EC.presence_of_element_located((By.ID, 'reduxStore')))
    ~~~~~~~~~~~~~~~~~~~~~~~~~~~~~~~^^^^^^^^^^^^^^^^^^^^^^^^^^^^^^^^^^^^^^^^^^^^^^^^^^^^^^^
  File "C:\Users\Harun\PycharmProjects\amazonpricealertTelegramBot\.venv\Lib\site-packages\selenium\webdriver\support\wait.py", line 95, in until
    raise TimeoutException(message, screen, stacktrace)
selenium.common.exceptions.TimeoutException: Message: 
Stacktrace:
	GetHandleVerifier [0x0xe01a33+62339]
	GetHandleVerifier [0x0xe01a74+62404]
	(No symbol) [0x0xc42123]
	(No symbol) [0x0xc8a86e]
	(No symbol) [0x0xc8ac0b]
	(No symbol) [0x0xcd2f72]
	(No symbol) [0x0xcaf404]
	(No symbol) [0x0xcd07a3]
	(No symbol) [0x0xcaf1b6]
	(No symbol) [0x0xc7e7a2]
	(No symbol) [0x0xc7f644]
	GetHandleVerifier [0x0x10765c3+2637587]
	GetHandleVerifier [0x0x10719ca+2618138]
	GetHandleVerifier [0x0xe284aa+220666]
	GetHandleVerifier [0x0xe188d8+156200]
	GetHandleVerifier [0x0xe1f06d+182717]
	GetHandleVerifier [0x0xe09978+94920]
	GetHandleVerifier [0x0xe09b02+95314]
	GetHandleVerifier [0x0xdf4c4a+9626]
	BaseThreadInitThunk [0x0x74fa5d49+25]
	RtlInitializeExceptionChain [0x0x7739cf0b+107]
	RtlGetAppContainerNamedObjectPath [0x0x7739ce91+561]

2025-07-22 03:54:06,421 - ERROR - All 2 retries failed for product ID 29 (https://www.hepsiburada.com/yatsan-one-by-tempur-20-cm-yatak-p-HBCV00000GSHTW).
2025-07-22 03:54:28,425 - ERROR - Timeout occurred for https://www.hepsiburada.com/dji-osmo-action-5-pro-standard-aksiyon-kamera-p-HBCV000079UXT4
2025-07-22 03:55:57,337 - ERROR - SELENIUM: Beklenmedik bir hata oluştu: Message: 
Stacktrace:
	GetHandleVerifier [0x0xe01a33+62339]
	GetHandleVerifier [0x0xe01a74+62404]
	(No symbol) [0x0xc42123]
	(No symbol) [0x0xc8a86e]
	(No symbol) [0x0xc8ac0b]
	(No symbol) [0x0xcd2f72]
	(No symbol) [0x0xcaf404]
	(No symbol) [0x0xcd07a3]
	(No symbol) [0x0xcaf1b6]
	(No symbol) [0x0xc7e7a2]
	(No symbol) [0x0xc7f644]
	GetHandleVerifier [0x0x10765c3+2637587]
	GetHandleVerifier [0x0x10719ca+2618138]
	GetHandleVerifier [0x0xe284aa+220666]
	GetHandleVerifier [0x0xe188d8+156200]
	GetHandleVerifier [0x0xe1f06d+182717]
	GetHandleVerifier [0x0xe09978+94920]
	GetHandleVerifier [0x0xe09b02+95314]
	GetHandleVerifier [0x0xdf4c4a+9626]
	BaseThreadInitThunk [0x0x74fa5d49+25]
	RtlInitializeExceptionChain [0x0x7739cf0b+107]
	RtlGetAppContainerNamedObjectPath [0x0x7739ce91+561]
Traceback (most recent call last):
  File "C:\Users\Harun\PycharmProjects\amazonpricealertTelegramBot\amazon.price.alert.py", line 155, in get_hepsiburada_price_with_selenium
    WebDriverWait(driver, 20).until(EC.presence_of_element_located((By.ID, 'reduxStore')))
    ~~~~~~~~~~~~~~~~~~~~~~~~~~~~~~~^^^^^^^^^^^^^^^^^^^^^^^^^^^^^^^^^^^^^^^^^^^^^^^^^^^^^^^
  File "C:\Users\Harun\PycharmProjects\amazonpricealertTelegramBot\.venv\Lib\site-packages\selenium\webdriver\support\wait.py", line 95, in until
    raise TimeoutException(message, screen, stacktrace)
selenium.common.exceptions.TimeoutException: Message: 
Stacktrace:
	GetHandleVerifier [0x0xe01a33+62339]
	GetHandleVerifier [0x0xe01a74+62404]
	(No symbol) [0x0xc42123]
	(No symbol) [0x0xc8a86e]
	(No symbol) [0x0xc8ac0b]
	(No symbol) [0x0xcd2f72]
	(No symbol) [0x0xcaf404]
	(No symbol) [0x0xcd07a3]
	(No symbol) [0x0xcaf1b6]
	(No symbol) [0x0xc7e7a2]
	(No symbol) [0x0xc7f644]
	GetHandleVerifier [0x0x10765c3+2637587]
	GetHandleVerifier [0x0x10719ca+2618138]
	GetHandleVerifier [0x0xe284aa+220666]
	GetHandleVerifier [0x0xe188d8+156200]
	GetHandleVerifier [0x0xe1f06d+182717]
	GetHandleVerifier [0x0xe09978+94920]
	GetHandleVerifier [0x0xe09b02+95314]
	GetHandleVerifier [0x0xdf4c4a+9626]
	BaseThreadInitThunk [0x0x74fa5d49+25]
	RtlInitializeExceptionChain [0x0x7739cf0b+107]
	RtlGetAppContainerNamedObjectPath [0x0x7739ce91+561]

2025-07-22 03:56:36,462 - ERROR - Timeout occurred for https://www.hepsiburada.com/dji-osmo-action-5-pro-standard-aksiyon-kamera-p-HBCV000079UXT4
2025-07-22 03:59:26,734 - ERROR - Timeout occurred for https://www.hepsiburada.com/grillmate-gm60-ka-dokum-izgarali-katlanir-ayakli-mangal-pm-HBC00006RKVXF
2025-07-22 03:59:51,510 - ERROR - SELENIUM: Beklenmedik bir hata oluştu: Could not reach host. Are you offline?
Traceback (most recent call last):
  File "C:\Users\Harun\PycharmProjects\amazonpricealertTelegramBot\.venv\Lib\site-packages\urllib3\connectionpool.py", line 787, in urlopen
    response = self._make_request(
        conn,
    ...<10 lines>...
        **response_kw,
    )
  File "C:\Users\Harun\PycharmProjects\amazonpricealertTelegramBot\.venv\Lib\site-packages\urllib3\connectionpool.py", line 488, in _make_request
    raise new_e
  File "C:\Users\Harun\PycharmProjects\amazonpricealertTelegramBot\.venv\Lib\site-packages\urllib3\connectionpool.py", line 464, in _make_request
    self._validate_conn(conn)
    ~~~~~~~~~~~~~~~~~~~^^^^^^
  File "C:\Users\Harun\PycharmProjects\amazonpricealertTelegramBot\.venv\Lib\site-packages\urllib3\connectionpool.py", line 1093, in _validate_conn
    conn.connect()
    ~~~~~~~~~~~~^^
  File "C:\Users\Harun\PycharmProjects\amazonpricealertTelegramBot\.venv\Lib\site-packages\urllib3\connection.py", line 741, in connect
    sock_and_verified = _ssl_wrap_socket_and_match_hostname(
        sock=sock,
    ...<14 lines>...
        assert_fingerprint=self.assert_fingerprint,
    )
  File "C:\Users\Harun\PycharmProjects\amazonpricealertTelegramBot\.venv\Lib\site-packages\urllib3\connection.py", line 920, in _ssl_wrap_socket_and_match_hostname
    ssl_sock = ssl_wrap_socket(
        sock=sock,
    ...<8 lines>...
        tls_in_tls=tls_in_tls,
    )
  File "C:\Users\Harun\PycharmProjects\amazonpricealertTelegramBot\.venv\Lib\site-packages\urllib3\util\ssl_.py", line 480, in ssl_wrap_socket
    ssl_sock = _ssl_wrap_socket_impl(sock, context, tls_in_tls, server_hostname)
  File "C:\Users\Harun\PycharmProjects\amazonpricealertTelegramBot\.venv\Lib\site-packages\urllib3\util\ssl_.py", line 524, in _ssl_wrap_socket_impl
    return ssl_context.wrap_socket(sock, server_hostname=server_hostname)
           ~~~~~~~~~~~~~~~~~~~~~~~^^^^^^^^^^^^^^^^^^^^^^^^^^^^^^^^^^^^^^^
  File "C:\Users\Harun\AppData\Local\Programs\Python\Python313\Lib\ssl.py", line 455, in wrap_socket
    return self.sslsocket_class._create(
           ~~~~~~~~~~~~~~~~~~~~~~~~~~~~^
        sock=sock,
        ^^^^^^^^^^
    ...<5 lines>...
        session=session
        ^^^^^^^^^^^^^^^
    )
    ^
  File "C:\Users\Harun\AppData\Local\Programs\Python\Python313\Lib\ssl.py", line 1076, in _create
    self.do_handshake()
    ~~~~~~~~~~~~~~~~~^^
  File "C:\Users\Harun\AppData\Local\Programs\Python\Python313\Lib\ssl.py", line 1372, in do_handshake
    self._sslobj.do_handshake()
    ~~~~~~~~~~~~~~~~~~~~~~~~~^^
ConnectionResetError: [WinError 10054] An existing connection was forcibly closed by the remote host

During handling of the above exception, another exception occurred:

Traceback (most recent call last):
  File "C:\Users\Harun\PycharmProjects\amazonpricealertTelegramBot\.venv\Lib\site-packages\requests\adapters.py", line 486, in send
    resp = conn.urlopen(
        method=request.method,
    ...<9 lines>...
        chunked=chunked,
    )
  File "C:\Users\Harun\PycharmProjects\amazonpricealertTelegramBot\.venv\Lib\site-packages\urllib3\connectionpool.py", line 841, in urlopen
    retries = retries.increment(
        method, url, error=new_e, _pool=self, _stacktrace=sys.exc_info()[2]
    )
  File "C:\Users\Harun\PycharmProjects\amazonpricealertTelegramBot\.venv\Lib\site-packages\urllib3\util\retry.py", line 474, in increment
    raise reraise(type(error), error, _stacktrace)
          ~~~~~~~^^^^^^^^^^^^^^^^^^^^^^^^^^^^^^^^^
  File "C:\Users\Harun\PycharmProjects\amazonpricealertTelegramBot\.venv\Lib\site-packages\urllib3\util\util.py", line 38, in reraise
    raise value.with_traceback(tb)
  File "C:\Users\Harun\PycharmProjects\amazonpricealertTelegramBot\.venv\Lib\site-packages\urllib3\connectionpool.py", line 787, in urlopen
    response = self._make_request(
        conn,
    ...<10 lines>...
        **response_kw,
    )
  File "C:\Users\Harun\PycharmProjects\amazonpricealertTelegramBot\.venv\Lib\site-packages\urllib3\connectionpool.py", line 488, in _make_request
    raise new_e
  File "C:\Users\Harun\PycharmProjects\amazonpricealertTelegramBot\.venv\Lib\site-packages\urllib3\connectionpool.py", line 464, in _make_request
    self._validate_conn(conn)
    ~~~~~~~~~~~~~~~~~~~^^^^^^
  File "C:\Users\Harun\PycharmProjects\amazonpricealertTelegramBot\.venv\Lib\site-packages\urllib3\connectionpool.py", line 1093, in _validate_conn
    conn.connect()
    ~~~~~~~~~~~~^^
  File "C:\Users\Harun\PycharmProjects\amazonpricealertTelegramBot\.venv\Lib\site-packages\urllib3\connection.py", line 741, in connect
    sock_and_verified = _ssl_wrap_socket_and_match_hostname(
        sock=sock,
    ...<14 lines>...
        assert_fingerprint=self.assert_fingerprint,
    )
  File "C:\Users\Harun\PycharmProjects\amazonpricealertTelegramBot\.venv\Lib\site-packages\urllib3\connection.py", line 920, in _ssl_wrap_socket_and_match_hostname
    ssl_sock = ssl_wrap_socket(
        sock=sock,
    ...<8 lines>...
        tls_in_tls=tls_in_tls,
    )
  File "C:\Users\Harun\PycharmProjects\amazonpricealertTelegramBot\.venv\Lib\site-packages\urllib3\util\ssl_.py", line 480, in ssl_wrap_socket
    ssl_sock = _ssl_wrap_socket_impl(sock, context, tls_in_tls, server_hostname)
  File "C:\Users\Harun\PycharmProjects\amazonpricealertTelegramBot\.venv\Lib\site-packages\urllib3\util\ssl_.py", line 524, in _ssl_wrap_socket_impl
    return ssl_context.wrap_socket(sock, server_hostname=server_hostname)
           ~~~~~~~~~~~~~~~~~~~~~~~^^^^^^^^^^^^^^^^^^^^^^^^^^^^^^^^^^^^^^^
  File "C:\Users\Harun\AppData\Local\Programs\Python\Python313\Lib\ssl.py", line 455, in wrap_socket
    return self.sslsocket_class._create(
           ~~~~~~~~~~~~~~~~~~~~~~~~~~~~^
        sock=sock,
        ^^^^^^^^^^
    ...<5 lines>...
        session=session
        ^^^^^^^^^^^^^^^
    )
    ^
  File "C:\Users\Harun\AppData\Local\Programs\Python\Python313\Lib\ssl.py", line 1076, in _create
    self.do_handshake()
    ~~~~~~~~~~~~~~~~~^^
  File "C:\Users\Harun\AppData\Local\Programs\Python\Python313\Lib\ssl.py", line 1372, in do_handshake
    self._sslobj.do_handshake()
    ~~~~~~~~~~~~~~~~~~~~~~~~~^^
urllib3.exceptions.ProtocolError: ('Connection aborted.', ConnectionResetError(10054, 'An existing connection was forcibly closed by the remote host', None, 10054, None))

During handling of the above exception, another exception occurred:

Traceback (most recent call last):
  File "C:\Users\Harun\PycharmProjects\amazonpricealertTelegramBot\.venv\Lib\site-packages\webdriver_manager\core\http.py", line 32, in get
    resp = requests.get(
        url=url, verify=self._ssl_verify, stream=True, **kwargs)
  File "C:\Users\Harun\PycharmProjects\amazonpricealertTelegramBot\.venv\Lib\site-packages\requests\api.py", line 73, in get
    return request("get", url, params=params, **kwargs)
  File "C:\Users\Harun\PycharmProjects\amazonpricealertTelegramBot\.venv\Lib\site-packages\requests\api.py", line 59, in request
    return session.request(method=method, url=url, **kwargs)
           ~~~~~~~~~~~~~~~^^^^^^^^^^^^^^^^^^^^^^^^^^^^^^^^^^
  File "C:\Users\Harun\PycharmProjects\amazonpricealertTelegramBot\.venv\Lib\site-packages\requests\sessions.py", line 589, in request
    resp = self.send(prep, **send_kwargs)
  File "C:\Users\Harun\PycharmProjects\amazonpricealertTelegramBot\.venv\Lib\site-packages\requests\sessions.py", line 703, in send
    r = adapter.send(request, **kwargs)
  File "C:\Users\Harun\PycharmProjects\amazonpricealertTelegramBot\.venv\Lib\site-packages\requests\adapters.py", line 501, in send
    raise ConnectionError(err, request=request)
requests.exceptions.ConnectionError: ('Connection aborted.', ConnectionResetError(10054, 'An existing connection was forcibly closed by the remote host', None, 10054, None))

During handling of the above exception, another exception occurred:

Traceback (most recent call last):
  File "C:\Users\Harun\PycharmProjects\amazonpricealertTelegramBot\amazon.price.alert.py", line 141, in get_hepsiburada_price_with_selenium
    service = Service(ChromeDriverManager().install())
                      ~~~~~~~~~~~~~~~~~~~~~~~~~~~~~^^
  File "C:\Users\Harun\PycharmProjects\amazonpricealertTelegramBot\.venv\Lib\site-packages\webdriver_manager\chrome.py", line 40, in install
    driver_path = self._get_driver_binary_path(self.driver)
  File "C:\Users\Harun\PycharmProjects\amazonpricealertTelegramBot\.venv\Lib\site-packages\webdriver_manager\core\manager.py", line 35, in _get_driver_binary_path
    binary_path = self._cache_manager.find_driver(driver)
  File "C:\Users\Harun\PycharmProjects\amazonpricealertTelegramBot\.venv\Lib\site-packages\webdriver_manager\core\driver_cache.py", line 110, in find_driver
    key = self.__get_metadata_key(driver)
  File "C:\Users\Harun\PycharmProjects\amazonpricealertTelegramBot\.venv\Lib\site-packages\webdriver_manager\core\driver_cache.py", line 144, in __get_metadata_key
    driver_version = self.get_cache_key_driver_version(driver)
  File "C:\Users\Harun\PycharmProjects\amazonpricealertTelegramBot\.venv\Lib\site-packages\webdriver_manager\core\driver_cache.py", line 154, in get_cache_key_driver_version
    return driver.get_driver_version_to_download()
           ~~~~~~~~~~~~~~~~~~~~~~~~~~~~~~~~~~~~~^^
  File "C:\Users\Harun\PycharmProjects\amazonpricealertTelegramBot\.venv\Lib\site-packages\webdriver_manager\core\driver.py", line 48, in get_driver_version_to_download
    return self.get_latest_release_version()
           ~~~~~~~~~~~~~~~~~~~~~~~~~~~~~~~^^
  File "C:\Users\Harun\PycharmProjects\amazonpricealertTelegramBot\.venv\Lib\site-packages\webdriver_manager\drivers\chrome.py", line 59, in get_latest_release_version
    response = self._http_client.get(url)
  File "C:\Users\Harun\PycharmProjects\amazonpricealertTelegramBot\.venv\Lib\site-packages\webdriver_manager\core\http.py", line 35, in get
    raise exceptions.ConnectionError(f"Could not reach host. Are you offline?")
requests.exceptions.ConnectionError: Could not reach host. Are you offline?
2025-07-22 04:00:38,470 - ERROR - Timeout occurred for https://www.hepsiburada.com/grillmate-gm60-ka-dokum-izgarali-katlanir-ayakli-mangal-pm-HBC00006RKVXF
2025-07-22 04:03:04,866 - ERROR - Connection error for https://www.trendyol.com/hoover/hle-c10dg-17-10-kg-nfc-baglantili-kurutma-makinesi-p-216657679: HTTPSConnectionPool(host='www.trendyol.com', port=443): Max retries exceeded with url: /hoover/hle-c10dg-17-10-kg-nfc-baglantili-kurutma-makinesi-p-216657679 (Caused by NameResolutionError("<urllib3.connection.HTTPSConnection object at 0x000002161D48A490>: Failed to resolve 'www.trendyol.com' ([Errno 11001] getaddrinfo failed)"))
2025-07-22 04:03:19,122 - ERROR - Connection error for https://www.trendyol.com/hoover/hle-c10dg-17-10-kg-nfc-baglantili-kurutma-makinesi-p-216657679: HTTPSConnectionPool(host='www.trendyol.com', port=443): Max retries exceeded with url: /hoover/hle-c10dg-17-10-kg-nfc-baglantili-kurutma-makinesi-p-216657679 (Caused by NameResolutionError("<urllib3.connection.HTTPSConnection object at 0x000002161D488910>: Failed to resolve 'www.trendyol.com' ([Errno 11001] getaddrinfo failed)"))
2025-07-22 04:03:33,373 - ERROR - All 2 retries failed for product ID 32 (https://www.trendyol.com/hoover/hle-c10dg-17-10-kg-nfc-baglantili-kurutma-makinesi-p-216657679).
2025-07-22 04:04:03,168 - ERROR - Connection error for https://www.trendyol.com/neutron/akilli-wi-fi-destekli-4-lu-akim-korumali-priz-p-347127121?boutiqueId=61&merchantId=107514&adjust_t=mk12x3o_m4o2h83&adjust_tracker_limit=999999999&utm_campaign=347127121&adjust_campaign=product_free_20256239_TR&adjust_creative=347127121&adjust_adgroup=10629080&utm_term=10629080&link_contentid=347127121&utm_source=share&utm_medium=product_free&link_userID=10629080: ('Connection aborted.', ConnectionResetError(10054, 'An existing connection was forcibly closed by the remote host', None, 10054, None))
2025-07-22 04:04:49,142 - ERROR - Connection error for https://www.trendyol.com/neutron/akilli-wi-fi-destekli-4-lu-akim-korumali-priz-p-347127121?boutiqueId=61&merchantId=107514&adjust_t=mk12x3o_m4o2h83&adjust_tracker_limit=999999999&utm_campaign=347127121&adjust_campaign=product_free_20256239_TR&adjust_creative=347127121&adjust_adgroup=10629080&utm_term=10629080&link_contentid=347127121&utm_source=share&utm_medium=product_free&link_userID=10629080: ('Connection aborted.', ConnectionResetError(10054, 'An existing connection was forcibly closed by the remote host', None, 10054, None))
2025-07-22 04:05:03,395 - ERROR - All 2 retries failed for product ID 33 (https://www.trendyol.com/neutron/akilli-wi-fi-destekli-4-lu-akim-korumali-priz-p-347127121?boutiqueId=61&merchantId=107514&adjust_t=mk12x3o_m4o2h83&adjust_tracker_limit=999999999&utm_campaign=347127121&adjust_campaign=product_free_20256239_TR&adjust_creative=347127121&adjust_adgroup=10629080&utm_term=10629080&link_contentid=347127121&utm_source=share&utm_medium=product_free&link_userID=10629080).
2025-07-22 04:06:11,670 - ERROR - Connection error for https://www.amazon.com.tr/dp/B07VLN38BL?tag=joiapedra_10748-21&smid=A1UNQM1SR2CHM&th=1: HTTPSConnectionPool(host='www.amazon.com.tr', port=443): Read timed out.
2025-07-22 04:06:37,988 - ERROR - Connection error for https://www.amazon.com.tr/dp/B07VLN38BL?tag=joiapedra_10748-21&smid=A1UNQM1SR2CHM&th=1: HTTPSConnectionPool(host='www.amazon.com.tr', port=443): Max retries exceeded with url: /dp/B07VLN38BL?tag=joiapedra_10748-21&smid=A1UNQM1SR2CHM&th=1 (Caused by NameResolutionError("<urllib3.connection.HTTPSConnection object at 0x000002161D48BB10>: Failed to resolve 'www.amazon.com.tr' ([Errno 11001] getaddrinfo failed)"))
2025-07-22 04:06:52,234 - ERROR - All 2 retries failed for product ID 34 (https://www.amazon.com.tr/dp/B07VLN38BL?tag=joiapedra_10748-21&smid=A1UNQM1SR2CHM&th=1).
2025-07-22 04:08:33,898 - ERROR - Timeout occurred for https://www.mediamarkt.com.tr/tr/product/_meross-matter-akilli-priz-beyaz-1247481.html
2025-07-22 04:08:48,145 - ERROR - All 2 retries failed for product ID 35 (https://www.mediamarkt.com.tr/tr/product/_meross-matter-akilli-priz-beyaz-1247481.html).
2025-07-22 04:09:09,986 - ERROR - Timeout occurred for https://www.trendyol.com/sword/wi-fi-akilli-priz-30w-type-c-akim-korumali-3-lu-priz-3-usb-uzaktan-kontrol-ve-zaman-ayarli-sw-3pu1c-p-698472817?boutiqueId=61&merchantId=405920
2025-07-22 04:09:36,281 - ERROR - Connection error for https://www.trendyol.com/sword/wi-fi-akilli-priz-30w-type-c-akim-korumali-3-lu-priz-3-usb-uzaktan-kontrol-ve-zaman-ayarli-sw-3pu1c-p-698472817?boutiqueId=61&merchantId=405920: HTTPSConnectionPool(host='www.trendyol.com', port=443): Max retries exceeded with url: /sword/wi-fi-akilli-priz-30w-type-c-akim-korumali-3-lu-priz-3-usb-uzaktan-kontrol-ve-zaman-ayarli-sw-3pu1c-p-698472817?boutiqueId=61&merchantId=405920 (Caused by NameResolutionError("<urllib3.connection.HTTPSConnection object at 0x000002161D48BED0>: Failed to resolve 'www.trendyol.com' ([Errno 11001] getaddrinfo failed)"))
2025-07-22 04:09:50,541 - ERROR - All 2 retries failed for product ID 36 (https://www.trendyol.com/sword/wi-fi-akilli-priz-30w-type-c-akim-korumali-3-lu-priz-3-usb-uzaktan-kontrol-ve-zaman-ayarli-sw-3pu1c-p-698472817?boutiqueId=61&merchantId=405920).
2025-07-22 04:10:11,383 - ERROR - Timeout occurred for https://www.hepsiburada.com/yatas-black-ice-yayli-yatak-black-ice-visco-yastik-hediyeli-p-HBCV00008OYJ3Z
2025-07-22 04:11:41,364 - ERROR - SELENIUM: Beklenmedik bir hata oluştu: Could not reach host. Are you offline?
Traceback (most recent call last):
  File "C:\Users\Harun\PycharmProjects\amazonpricealertTelegramBot\.venv\Lib\site-packages\urllib3\connectionpool.py", line 787, in urlopen
    response = self._make_request(
        conn,
    ...<10 lines>...
        **response_kw,
    )
  File "C:\Users\Harun\PycharmProjects\amazonpricealertTelegramBot\.venv\Lib\site-packages\urllib3\connectionpool.py", line 488, in _make_request
    raise new_e
  File "C:\Users\Harun\PycharmProjects\amazonpricealertTelegramBot\.venv\Lib\site-packages\urllib3\connectionpool.py", line 464, in _make_request
    self._validate_conn(conn)
    ~~~~~~~~~~~~~~~~~~~^^^^^^
  File "C:\Users\Harun\PycharmProjects\amazonpricealertTelegramBot\.venv\Lib\site-packages\urllib3\connectionpool.py", line 1093, in _validate_conn
    conn.connect()
    ~~~~~~~~~~~~^^
  File "C:\Users\Harun\PycharmProjects\amazonpricealertTelegramBot\.venv\Lib\site-packages\urllib3\connection.py", line 741, in connect
    sock_and_verified = _ssl_wrap_socket_and_match_hostname(
        sock=sock,
    ...<14 lines>...
        assert_fingerprint=self.assert_fingerprint,
    )
  File "C:\Users\Harun\PycharmProjects\amazonpricealertTelegramBot\.venv\Lib\site-packages\urllib3\connection.py", line 920, in _ssl_wrap_socket_and_match_hostname
    ssl_sock = ssl_wrap_socket(
        sock=sock,
    ...<8 lines>...
        tls_in_tls=tls_in_tls,
    )
  File "C:\Users\Harun\PycharmProjects\amazonpricealertTelegramBot\.venv\Lib\site-packages\urllib3\util\ssl_.py", line 480, in ssl_wrap_socket
    ssl_sock = _ssl_wrap_socket_impl(sock, context, tls_in_tls, server_hostname)
  File "C:\Users\Harun\PycharmProjects\amazonpricealertTelegramBot\.venv\Lib\site-packages\urllib3\util\ssl_.py", line 524, in _ssl_wrap_socket_impl
    return ssl_context.wrap_socket(sock, server_hostname=server_hostname)
           ~~~~~~~~~~~~~~~~~~~~~~~^^^^^^^^^^^^^^^^^^^^^^^^^^^^^^^^^^^^^^^
  File "C:\Users\Harun\AppData\Local\Programs\Python\Python313\Lib\ssl.py", line 455, in wrap_socket
    return self.sslsocket_class._create(
           ~~~~~~~~~~~~~~~~~~~~~~~~~~~~^
        sock=sock,
        ^^^^^^^^^^
    ...<5 lines>...
        session=session
        ^^^^^^^^^^^^^^^
    )
    ^
  File "C:\Users\Harun\AppData\Local\Programs\Python\Python313\Lib\ssl.py", line 1076, in _create
    self.do_handshake()
    ~~~~~~~~~~~~~~~~~^^
  File "C:\Users\Harun\AppData\Local\Programs\Python\Python313\Lib\ssl.py", line 1372, in do_handshake
    self._sslobj.do_handshake()
    ~~~~~~~~~~~~~~~~~~~~~~~~~^^
ConnectionResetError: [WinError 10054] An existing connection was forcibly closed by the remote host

During handling of the above exception, another exception occurred:

Traceback (most recent call last):
  File "C:\Users\Harun\PycharmProjects\amazonpricealertTelegramBot\.venv\Lib\site-packages\requests\adapters.py", line 486, in send
    resp = conn.urlopen(
        method=request.method,
    ...<9 lines>...
        chunked=chunked,
    )
  File "C:\Users\Harun\PycharmProjects\amazonpricealertTelegramBot\.venv\Lib\site-packages\urllib3\connectionpool.py", line 841, in urlopen
    retries = retries.increment(
        method, url, error=new_e, _pool=self, _stacktrace=sys.exc_info()[2]
    )
  File "C:\Users\Harun\PycharmProjects\amazonpricealertTelegramBot\.venv\Lib\site-packages\urllib3\util\retry.py", line 474, in increment
    raise reraise(type(error), error, _stacktrace)
          ~~~~~~~^^^^^^^^^^^^^^^^^^^^^^^^^^^^^^^^^
  File "C:\Users\Harun\PycharmProjects\amazonpricealertTelegramBot\.venv\Lib\site-packages\urllib3\util\util.py", line 38, in reraise
    raise value.with_traceback(tb)
  File "C:\Users\Harun\PycharmProjects\amazonpricealertTelegramBot\.venv\Lib\site-packages\urllib3\connectionpool.py", line 787, in urlopen
    response = self._make_request(
        conn,
    ...<10 lines>...
        **response_kw,
    )
  File "C:\Users\Harun\PycharmProjects\amazonpricealertTelegramBot\.venv\Lib\site-packages\urllib3\connectionpool.py", line 488, in _make_request
    raise new_e
  File "C:\Users\Harun\PycharmProjects\amazonpricealertTelegramBot\.venv\Lib\site-packages\urllib3\connectionpool.py", line 464, in _make_request
    self._validate_conn(conn)
    ~~~~~~~~~~~~~~~~~~~^^^^^^
  File "C:\Users\Harun\PycharmProjects\amazonpricealertTelegramBot\.venv\Lib\site-packages\urllib3\connectionpool.py", line 1093, in _validate_conn
    conn.connect()
    ~~~~~~~~~~~~^^
  File "C:\Users\Harun\PycharmProjects\amazonpricealertTelegramBot\.venv\Lib\site-packages\urllib3\connection.py", line 741, in connect
    sock_and_verified = _ssl_wrap_socket_and_match_hostname(
        sock=sock,
    ...<14 lines>...
        assert_fingerprint=self.assert_fingerprint,
    )
  File "C:\Users\Harun\PycharmProjects\amazonpricealertTelegramBot\.venv\Lib\site-packages\urllib3\connection.py", line 920, in _ssl_wrap_socket_and_match_hostname
    ssl_sock = ssl_wrap_socket(
        sock=sock,
    ...<8 lines>...
        tls_in_tls=tls_in_tls,
    )
  File "C:\Users\Harun\PycharmProjects\amazonpricealertTelegramBot\.venv\Lib\site-packages\urllib3\util\ssl_.py", line 480, in ssl_wrap_socket
    ssl_sock = _ssl_wrap_socket_impl(sock, context, tls_in_tls, server_hostname)
  File "C:\Users\Harun\PycharmProjects\amazonpricealertTelegramBot\.venv\Lib\site-packages\urllib3\util\ssl_.py", line 524, in _ssl_wrap_socket_impl
    return ssl_context.wrap_socket(sock, server_hostname=server_hostname)
           ~~~~~~~~~~~~~~~~~~~~~~~^^^^^^^^^^^^^^^^^^^^^^^^^^^^^^^^^^^^^^^
  File "C:\Users\Harun\AppData\Local\Programs\Python\Python313\Lib\ssl.py", line 455, in wrap_socket
    return self.sslsocket_class._create(
           ~~~~~~~~~~~~~~~~~~~~~~~~~~~~^
        sock=sock,
        ^^^^^^^^^^
    ...<5 lines>...
        session=session
        ^^^^^^^^^^^^^^^
    )
    ^
  File "C:\Users\Harun\AppData\Local\Programs\Python\Python313\Lib\ssl.py", line 1076, in _create
    self.do_handshake()
    ~~~~~~~~~~~~~~~~~^^
  File "C:\Users\Harun\AppData\Local\Programs\Python\Python313\Lib\ssl.py", line 1372, in do_handshake
    self._sslobj.do_handshake()
    ~~~~~~~~~~~~~~~~~~~~~~~~~^^
urllib3.exceptions.ProtocolError: ('Connection aborted.', ConnectionResetError(10054, 'An existing connection was forcibly closed by the remote host', None, 10054, None))

During handling of the above exception, another exception occurred:

Traceback (most recent call last):
  File "C:\Users\Harun\PycharmProjects\amazonpricealertTelegramBot\.venv\Lib\site-packages\webdriver_manager\core\http.py", line 32, in get
    resp = requests.get(
        url=url, verify=self._ssl_verify, stream=True, **kwargs)
  File "C:\Users\Harun\PycharmProjects\amazonpricealertTelegramBot\.venv\Lib\site-packages\requests\api.py", line 73, in get
    return request("get", url, params=params, **kwargs)
  File "C:\Users\Harun\PycharmProjects\amazonpricealertTelegramBot\.venv\Lib\site-packages\requests\api.py", line 59, in request
    return session.request(method=method, url=url, **kwargs)
           ~~~~~~~~~~~~~~~^^^^^^^^^^^^^^^^^^^^^^^^^^^^^^^^^^
  File "C:\Users\Harun\PycharmProjects\amazonpricealertTelegramBot\.venv\Lib\site-packages\requests\sessions.py", line 589, in request
    resp = self.send(prep, **send_kwargs)
  File "C:\Users\Harun\PycharmProjects\amazonpricealertTelegramBot\.venv\Lib\site-packages\requests\sessions.py", line 703, in send
    r = adapter.send(request, **kwargs)
  File "C:\Users\Harun\PycharmProjects\amazonpricealertTelegramBot\.venv\Lib\site-packages\requests\adapters.py", line 501, in send
    raise ConnectionError(err, request=request)
requests.exceptions.ConnectionError: ('Connection aborted.', ConnectionResetError(10054, 'An existing connection was forcibly closed by the remote host', None, 10054, None))

During handling of the above exception, another exception occurred:

Traceback (most recent call last):
  File "C:\Users\Harun\PycharmProjects\amazonpricealertTelegramBot\amazon.price.alert.py", line 141, in get_hepsiburada_price_with_selenium
    service = Service(ChromeDriverManager().install())
                      ~~~~~~~~~~~~~~~~~~~~~~~~~~~~~^^
  File "C:\Users\Harun\PycharmProjects\amazonpricealertTelegramBot\.venv\Lib\site-packages\webdriver_manager\chrome.py", line 40, in install
    driver_path = self._get_driver_binary_path(self.driver)
  File "C:\Users\Harun\PycharmProjects\amazonpricealertTelegramBot\.venv\Lib\site-packages\webdriver_manager\core\manager.py", line 35, in _get_driver_binary_path
    binary_path = self._cache_manager.find_driver(driver)
  File "C:\Users\Harun\PycharmProjects\amazonpricealertTelegramBot\.venv\Lib\site-packages\webdriver_manager\core\driver_cache.py", line 107, in find_driver
    driver_version = self.get_cache_key_driver_version(driver)
  File "C:\Users\Harun\PycharmProjects\amazonpricealertTelegramBot\.venv\Lib\site-packages\webdriver_manager\core\driver_cache.py", line 154, in get_cache_key_driver_version
    return driver.get_driver_version_to_download()
           ~~~~~~~~~~~~~~~~~~~~~~~~~~~~~~~~~~~~~^^
  File "C:\Users\Harun\PycharmProjects\amazonpricealertTelegramBot\.venv\Lib\site-packages\webdriver_manager\core\driver.py", line 48, in get_driver_version_to_download
    return self.get_latest_release_version()
           ~~~~~~~~~~~~~~~~~~~~~~~~~~~~~~~^^
  File "C:\Users\Harun\PycharmProjects\amazonpricealertTelegramBot\.venv\Lib\site-packages\webdriver_manager\drivers\chrome.py", line 59, in get_latest_release_version
    response = self._http_client.get(url)
  File "C:\Users\Harun\PycharmProjects\amazonpricealertTelegramBot\.venv\Lib\site-packages\webdriver_manager\core\http.py", line 35, in get
    raise exceptions.ConnectionError(f"Could not reach host. Are you offline?")
requests.exceptions.ConnectionError: Could not reach host. Are you offline?
2025-07-22 04:12:07,651 - ERROR - Connection error for https://www.hepsiburada.com/yatas-black-ice-yayli-yatak-black-ice-visco-yastik-hediyeli-p-HBCV00008OYJ3Z: HTTPSConnectionPool(host='www.hepsiburada.com', port=443): Max retries exceeded with url: /yatas-black-ice-yayli-yatak-black-ice-visco-yastik-hediyeli-p-HBCV00008OYJ3Z (Caused by NameResolutionError("<urllib3.connection.HTTPSConnection object at 0x000002161D48B250>: Failed to resolve 'www.hepsiburada.com' ([Errno 11001] getaddrinfo failed)"))
2025-07-22 04:13:39,831 - ERROR - SELENIUM: Beklenmedik bir hata oluştu: Message: unknown error: net::ERR_NAME_NOT_RESOLVED
  (Session info: chrome=138.0.7204.102)
Stacktrace:
	GetHandleVerifier [0x0xe01a33+62339]
	GetHandleVerifier [0x0xe01a74+62404]
	(No symbol) [0x0xc42123]
	(No symbol) [0x0xc3f85b]
	(No symbol) [0x0xc330d2]
	(No symbol) [0x0xc34b05]
	(No symbol) [0x0xc33368]
	(No symbol) [0x0xc32ea3]
	(No symbol) [0x0xc32bb1]
	(No symbol) [0x0xc30b54]
	(No symbol) [0x0xc314fb]
	(No symbol) [0x0xc45b4e]
	(No symbol) [0x0xcd1367]
	(No symbol) [0x0xcaf3bc]
	(No symbol) [0x0xcd07a3]
	(No symbol) [0x0xcaf1b6]
	(No symbol) [0x0xc7e7a2]
	(No symbol) [0x0xc7f644]
	GetHandleVerifier [0x0x10765c3+2637587]
	GetHandleVerifier [0x0x10719ca+2618138]
	GetHandleVerifier [0x0xe284aa+220666]
	GetHandleVerifier [0x0xe188d8+156200]
	GetHandleVerifier [0x0xe1f06d+182717]
	GetHandleVerifier [0x0xe09978+94920]
	GetHandleVerifier [0x0xe09b02+95314]
	GetHandleVerifier [0x0xdf4c4a+9626]
	BaseThreadInitThunk [0x0x74fa5d49+25]
	RtlInitializeExceptionChain [0x0x7739cf0b+107]
	RtlGetAppContainerNamedObjectPath [0x0x7739ce91+561]
Traceback (most recent call last):
  File "C:\Users\Harun\PycharmProjects\amazonpricealertTelegramBot\amazon.price.alert.py", line 153, in get_hepsiburada_price_with_selenium
    driver.get(url)
    ~~~~~~~~~~^^^^^
  File "C:\Users\Harun\PycharmProjects\amazonpricealertTelegramBot\.venv\Lib\site-packages\selenium\webdriver\remote\webdriver.py", line 353, in get
    self.execute(Command.GET, {"url": url})
    ~~~~~~~~~~~~^^^^^^^^^^^^^^^^^^^^^^^^^^^
  File "C:\Users\Harun\PycharmProjects\amazonpricealertTelegramBot\.venv\Lib\site-packages\selenium\webdriver\remote\webdriver.py", line 344, in execute
    self.error_handler.check_response(response)
    ~~~~~~~~~~~~~~~~~~~~~~~~~~~~~~~~~^^^^^^^^^^
  File "C:\Users\Harun\PycharmProjects\amazonpricealertTelegramBot\.venv\Lib\site-packages\selenium\webdriver\remote\errorhandler.py", line 229, in check_response
    raise exception_class(message, screen, stacktrace)
selenium.common.exceptions.WebDriverException: Message: unknown error: net::ERR_NAME_NOT_RESOLVED
  (Session info: chrome=138.0.7204.102)
Stacktrace:
	GetHandleVerifier [0x0xe01a33+62339]
	GetHandleVerifier [0x0xe01a74+62404]
	(No symbol) [0x0xc42123]
	(No symbol) [0x0xc3f85b]
	(No symbol) [0x0xc330d2]
	(No symbol) [0x0xc34b05]
	(No symbol) [0x0xc33368]
	(No symbol) [0x0xc32ea3]
	(No symbol) [0x0xc32bb1]
	(No symbol) [0x0xc30b54]
	(No symbol) [0x0xc314fb]
	(No symbol) [0x0xc45b4e]
	(No symbol) [0x0xcd1367]
	(No symbol) [0x0xcaf3bc]
	(No symbol) [0x0xcd07a3]
	(No symbol) [0x0xcaf1b6]
	(No symbol) [0x0xc7e7a2]
	(No symbol) [0x0xc7f644]
	GetHandleVerifier [0x0x10765c3+2637587]
	GetHandleVerifier [0x0x10719ca+2618138]
	GetHandleVerifier [0x0xe284aa+220666]
	GetHandleVerifier [0x0xe188d8+156200]
	GetHandleVerifier [0x0xe1f06d+182717]
	GetHandleVerifier [0x0xe09978+94920]
	GetHandleVerifier [0x0xe09b02+95314]
	GetHandleVerifier [0x0xdf4c4a+9626]
	BaseThreadInitThunk [0x0x74fa5d49+25]
	RtlInitializeExceptionChain [0x0x7739cf0b+107]
	RtlGetAppContainerNamedObjectPath [0x0x7739ce91+561]

2025-07-22 04:14:00,300 - ERROR - All 2 retries failed for product ID 37 (https://www.hepsiburada.com/yatas-black-ice-yayli-yatak-black-ice-visco-yastik-hediyeli-p-HBCV00008OYJ3Z).
2025-07-22 04:14:01,696 - ERROR - Connection error for https://www.amazon.com.tr/Black-Decker-KS801SE-Dekupaj-Testere/dp/B00VVFK5QC#averageCustomerReviewsAnchor: HTTPSConnectionPool(host='www.amazon.com.tr', port=443): Max retries exceeded with url: /Black-Decker-KS801SE-Dekupaj-Testere/dp/B00VVFK5QC (Caused by NameResolutionError("<urllib3.connection.HTTPSConnection object at 0x000002161D4896D0>: Failed to resolve 'www.amazon.com.tr' ([Errno 11001] getaddrinfo failed)"))
2025-07-22 04:15:15,842 - ERROR - Timeout occurred for https://www.amazon.com.tr/Black-Decker-KS801SE-Dekupaj-Testere/dp/B00VVFK5QC#averageCustomerReviewsAnchor
2025-07-22 04:15:30,087 - ERROR - All 2 retries failed for product ID 38 (https://www.amazon.com.tr/Black-Decker-KS801SE-Dekupaj-Testere/dp/B00VVFK5QC#averageCustomerReviewsAnchor).
2025-07-22 04:15:43,253 - ERROR - Connection error for https://www.amazon.com.tr/dp/B0DQLL7HWR?pbs=go&tag=onual_firsat-35901-21: HTTPSConnectionPool(host='www.amazon.com.tr', port=443): Max retries exceeded with url: /dp/B0DQLL7HWR?pbs=go&tag=onual_firsat-35901-21 (Caused by NameResolutionError("<urllib3.connection.HTTPSConnection object at 0x000002161D488190>: Failed to resolve 'www.amazon.com.tr' ([Errno 11001] getaddrinfo failed)"))
2025-07-22 04:16:19,726 - ERROR - Timeout occurred for https://www.amazon.com.tr/dp/B0DQLL7HWR?pbs=go&tag=onual_firsat-35901-21
2025-07-22 04:16:33,986 - ERROR - All 2 retries failed for product ID 39 (https://www.amazon.com.tr/dp/B0DQLL7HWR?pbs=go&tag=onual_firsat-35901-21).
2025-07-22 04:17:33,590 - ERROR - Connection error for https://www.amazon.com.tr/anocin-Bromelain-QUERCET%C4%B0N-V%C4%B0TAM%C4%B0N-BROMELAIN/dp/B0CZC8L9X2?pd_rd_w=XWotS&content-id=amzn1.sym.70cba377-ac68-4543-84d4-c32625508a32&pf_rd_p=70cba377-ac68-4543-84d4-c32625508a32&pf_rd_r=XDMJKSQVQPMTMD1HXY6J&pd_rd_wg=NFdIU&pd_rd_r=f90eaa2a-e262-4685-959e-46d4d891ca21&pd_rd_i=B0CZC8L9X2&psc=1&ref_=pd_bap_d_grid_rp_0_1_ec_pr_pd_rhf_ee_s_rp_c_d_sccl_1_7_t: HTTPSConnectionPool(host='www.amazon.com.tr', port=443): Read timed out.
2025-07-22 04:17:47,846 - ERROR - Connection error for https://www.amazon.com.tr/anocin-Bromelain-QUERCET%C4%B0N-V%C4%B0TAM%C4%B0N-BROMELAIN/dp/B0CZC8L9X2?pd_rd_w=XWotS&content-id=amzn1.sym.70cba377-ac68-4543-84d4-c32625508a32&pf_rd_p=70cba377-ac68-4543-84d4-c32625508a32&pf_rd_r=XDMJKSQVQPMTMD1HXY6J&pd_rd_wg=NFdIU&pd_rd_r=f90eaa2a-e262-4685-959e-46d4d891ca21&pd_rd_i=B0CZC8L9X2&psc=1&ref_=pd_bap_d_grid_rp_0_1_ec_pr_pd_rhf_ee_s_rp_c_d_sccl_1_7_t: HTTPSConnectionPool(host='www.amazon.com.tr', port=443): Max retries exceeded with url: /anocin-Bromelain-QUERCET%C4%B0N-V%C4%B0TAM%C4%B0N-BROMELAIN/dp/B0CZC8L9X2?pd_rd_w=XWotS&content-id=amzn1.sym.70cba377-ac68-4543-84d4-c32625508a32&pf_rd_p=70cba377-ac68-4543-84d4-c32625508a32&pf_rd_r=XDMJKSQVQPMTMD1HXY6J&pd_rd_wg=NFdIU&pd_rd_r=f90eaa2a-e262-4685-959e-46d4d891ca21&pd_rd_i=B0CZC8L9X2&psc=1&ref_=pd_bap_d_grid_rp_0_1_ec_pr_pd_rhf_ee_s_rp_c_d_sccl_1_7_t (Caused by NameResolutionError("<urllib3.connection.HTTPSConnection object at 0x000002161D489BD0>: Failed to resolve 'www.amazon.com.tr' ([Errno 11001] getaddrinfo failed)"))
2025-07-22 04:18:02,095 - ERROR - All 2 retries failed for product ID 40 (https://www.amazon.com.tr/anocin-Bromelain-QUERCET%C4%B0N-V%C4%B0TAM%C4%B0N-BROMELAIN/dp/B0CZC8L9X2?pd_rd_w=XWotS&content-id=amzn1.sym.70cba377-ac68-4543-84d4-c32625508a32&pf_rd_p=70cba377-ac68-4543-84d4-c32625508a32&pf_rd_r=XDMJKSQVQPMTMD1HXY6J&pd_rd_wg=NFdIU&pd_rd_r=f90eaa2a-e262-4685-959e-46d4d891ca21&pd_rd_i=B0CZC8L9X2&psc=1&ref_=pd_bap_d_grid_rp_0_1_ec_pr_pd_rhf_ee_s_rp_c_d_sccl_1_7_t).
2025-07-22 04:31:00,329 - ERROR - Timeout occurred for https://www.amazon.com.tr/dp/B016DLN0Z6/?coliid=I20CNFSPSE49XT&colid=23A34QHGOQ5YA&psc=1&ref_=list_c_wl_lv_ov_lig_dp_it
2025-07-22 04:34:19,514 - ERROR - Connection error for https://www.amazon.com.tr/dp/B00AYY021E/?coliid=I1KN06MEUKY7MF&colid=23A34QHGOQ5YA&ref_=list_c_wl_lv_ov_lig_dp_it&th=1: HTTPSConnectionPool(host='www.amazon.com.tr', port=443): Read timed out.
2025-07-22 04:36:06,321 - ERROR - Connection error for https://www.amazon.com.tr/gp/product/B08DL2NHPL/ref=ox_sc_saved_image_4?smid=A1UNQM1SR2CHM&psc=1: HTTPSConnectionPool(host='www.amazon.com.tr', port=443): Read timed out.
2025-07-22 04:37:47,920 - ERROR - Connection error for https://www.amazon.com.tr/gp/product/B098K3H92Z/ref=ox_sc_saved_title_6?smid=A1UNQM1SR2CHM&psc=1: HTTPSConnectionPool(host='www.amazon.com.tr', port=443): Read timed out.
2025-07-22 04:39:09,086 - ERROR - Connection error for https://www.amazon.com.tr/gp/product/B098K3H92Z/ref=ox_sc_saved_title_6?smid=A1UNQM1SR2CHM&psc=1: HTTPSConnectionPool(host='www.amazon.com.tr', port=443): Read timed out.
2025-07-22 04:39:23,331 - ERROR - All 2 retries failed for product ID 12 (https://www.amazon.com.tr/gp/product/B098K3H92Z/ref=ox_sc_saved_title_6?smid=A1UNQM1SR2CHM&psc=1).
2025-07-22 04:42:17,851 - ERROR - Connection error for https://www.amazon.com.tr/dp/B07F2DT55Y/?coliid=I2C1WG3HDNHBAM&colid=23A34QHGOQ5YA&psc=1&ref_=list_c_wl_lv_ov_lig_dp_it: HTTPSConnectionPool(host='www.amazon.com.tr', port=443): Read timed out.
2025-07-22 04:45:35,610 - ERROR - Connection error for https://www.amazon.com.tr/Moccamaster-Filtre-Kahve-Makinesi-53974/dp/B07ZZD3B28/ref=pd_rhf_sc_s_gccp_rtpb_d_sccl_1_4/258-3441745-4201763?pd_rd_w=SM4nG&content-id=amzn1.sym.6369d110-ce1e-4c83-9c4d-8f6c10531c52&pf_rd_p=6369d110-ce1e-4c83-9c4d-8f6c10531c52&pf_rd_r=2015KWEHBSN7EA0NPVJF&pd_rd_wg=RuftN&pd_rd_r=9ce781a5-f055-41c1-87e8-697d1042b248&pd_rd_i=B07ZZD3B28&th=1: ('Connection aborted.', ConnectionResetError(10054, 'An existing connection was forcibly closed by the remote host', None, 10054, None))
2025-07-22 04:47:47,908 - ERROR - All 2 retries failed for product ID 21 (https://www.trendyol.com/bissell/spinwave-cordless-kablosuz-zemin-silme-makinesi-p-125828676?boutiqueId=61).
2025-07-22 04:49:30,926 - ERROR - Connection error for https://www.amazon.com.tr/gp/product/B0CJRQ8V1L/ref=ox_sc_act_title_1?smid=A1UNQM1SR2CHM&th=1&psc=1: HTTPSConnectionPool(host='www.amazon.com.tr', port=443): Read timed out.
2025-07-22 04:51:33,423 - ERROR - All 2 retries failed for product ID 25 (https://www.trendyol.com/xiaomi/router-ax1500-wifi-6-2-4ghz-5ghz-p-854126763?boutiqueId=681310&merchantId=968&v=1.27.2&utm_campaign=DonanimHaber&utm_medium=referral&utm_source=DonanimHaber).
2025-07-22 04:52:22,141 - ERROR - Connection error for https://www.trendyol.com/grillmate/gm60-katlanir-ayakli-ve-dokum-izgarali-mangal-p-804298355: ('Connection aborted.', ConnectionResetError(10054, 'An existing connection was forcibly closed by the remote host', None, 10054, None))
2025-07-22 04:53:07,480 - ERROR - All 2 retries failed for product ID 27 (https://www.trendyol.com/grillmate/gm60-katlanir-ayakli-ve-dokum-izgarali-mangal-p-804298355).
2025-07-22 04:53:29,974 - ERROR - Timeout occurred for https://www.hepsiburada.com/sonoff-mini-r4-matter-akilli-role-p-HBCV00005TO34S
2025-07-22 04:59:10,918 - ERROR - Timeout occurred for https://www.hepsiburada.com/yatsan-one-by-tempur-20-cm-yatak-p-HBCV00000GSHTW
2025-07-22 05:01:58,211 - ERROR - SELENIUM: Beklenmedik bir hata oluştu: HTTPSConnectionPool(host='googlechromelabs.github.io', port=443): Read timed out. (read timeout=None)
Traceback (most recent call last):
  File "C:\Users\Harun\PycharmProjects\amazonpricealertTelegramBot\.venv\Lib\site-packages\urllib3\connectionpool.py", line 464, in _make_request
    self._validate_conn(conn)
    ~~~~~~~~~~~~~~~~~~~^^^^^^
  File "C:\Users\Harun\PycharmProjects\amazonpricealertTelegramBot\.venv\Lib\site-packages\urllib3\connectionpool.py", line 1093, in _validate_conn
    conn.connect()
    ~~~~~~~~~~~~^^
  File "C:\Users\Harun\PycharmProjects\amazonpricealertTelegramBot\.venv\Lib\site-packages\urllib3\connection.py", line 741, in connect
    sock_and_verified = _ssl_wrap_socket_and_match_hostname(
        sock=sock,
    ...<14 lines>...
        assert_fingerprint=self.assert_fingerprint,
    )
  File "C:\Users\Harun\PycharmProjects\amazonpricealertTelegramBot\.venv\Lib\site-packages\urllib3\connection.py", line 920, in _ssl_wrap_socket_and_match_hostname
    ssl_sock = ssl_wrap_socket(
        sock=sock,
    ...<8 lines>...
        tls_in_tls=tls_in_tls,
    )
  File "C:\Users\Harun\PycharmProjects\amazonpricealertTelegramBot\.venv\Lib\site-packages\urllib3\util\ssl_.py", line 480, in ssl_wrap_socket
    ssl_sock = _ssl_wrap_socket_impl(sock, context, tls_in_tls, server_hostname)
  File "C:\Users\Harun\PycharmProjects\amazonpricealertTelegramBot\.venv\Lib\site-packages\urllib3\util\ssl_.py", line 524, in _ssl_wrap_socket_impl
    return ssl_context.wrap_socket(sock, server_hostname=server_hostname)
           ~~~~~~~~~~~~~~~~~~~~~~~^^^^^^^^^^^^^^^^^^^^^^^^^^^^^^^^^^^^^^^
  File "C:\Users\Harun\AppData\Local\Programs\Python\Python313\Lib\ssl.py", line 455, in wrap_socket
    return self.sslsocket_class._create(
           ~~~~~~~~~~~~~~~~~~~~~~~~~~~~^
        sock=sock,
        ^^^^^^^^^^
    ...<5 lines>...
        session=session
        ^^^^^^^^^^^^^^^
    )
    ^
  File "C:\Users\Harun\AppData\Local\Programs\Python\Python313\Lib\ssl.py", line 1076, in _create
    self.do_handshake()
    ~~~~~~~~~~~~~~~~~^^
  File "C:\Users\Harun\AppData\Local\Programs\Python\Python313\Lib\ssl.py", line 1372, in do_handshake
    self._sslobj.do_handshake()
    ~~~~~~~~~~~~~~~~~~~~~~~~~^^
TimeoutError: [WinError 10060] A connection attempt failed because the connected party did not properly respond after a period of time, or established connection failed because connected host has failed to respond

The above exception was the direct cause of the following exception:

Traceback (most recent call last):
  File "C:\Users\Harun\PycharmProjects\amazonpricealertTelegramBot\.venv\Lib\site-packages\requests\adapters.py", line 486, in send
    resp = conn.urlopen(
        method=request.method,
    ...<9 lines>...
        chunked=chunked,
    )
  File "C:\Users\Harun\PycharmProjects\amazonpricealertTelegramBot\.venv\Lib\site-packages\urllib3\connectionpool.py", line 841, in urlopen
    retries = retries.increment(
        method, url, error=new_e, _pool=self, _stacktrace=sys.exc_info()[2]
    )
  File "C:\Users\Harun\PycharmProjects\amazonpricealertTelegramBot\.venv\Lib\site-packages\urllib3\util\retry.py", line 474, in increment
    raise reraise(type(error), error, _stacktrace)
          ~~~~~~~^^^^^^^^^^^^^^^^^^^^^^^^^^^^^^^^^
  File "C:\Users\Harun\PycharmProjects\amazonpricealertTelegramBot\.venv\Lib\site-packages\urllib3\util\util.py", line 39, in reraise
    raise value
  File "C:\Users\Harun\PycharmProjects\amazonpricealertTelegramBot\.venv\Lib\site-packages\urllib3\connectionpool.py", line 787, in urlopen
    response = self._make_request(
        conn,
    ...<10 lines>...
        **response_kw,
    )
  File "C:\Users\Harun\PycharmProjects\amazonpricealertTelegramBot\.venv\Lib\site-packages\urllib3\connectionpool.py", line 488, in _make_request
    raise new_e
  File "C:\Users\Harun\PycharmProjects\amazonpricealertTelegramBot\.venv\Lib\site-packages\urllib3\connectionpool.py", line 466, in _make_request
    self._raise_timeout(err=e, url=url, timeout_value=conn.timeout)
    ~~~~~~~~~~~~~~~~~~~^^^^^^^^^^^^^^^^^^^^^^^^^^^^^^^^^^^^^^^^^^^^
  File "C:\Users\Harun\PycharmProjects\amazonpricealertTelegramBot\.venv\Lib\site-packages\urllib3\connectionpool.py", line 367, in _raise_timeout
    raise ReadTimeoutError(
        self, url, f"Read timed out. (read timeout={timeout_value})"
    ) from err
urllib3.exceptions.ReadTimeoutError: HTTPSConnectionPool(host='googlechromelabs.github.io', port=443): Read timed out. (read timeout=None)

During handling of the above exception, another exception occurred:

Traceback (most recent call last):
  File "C:\Users\Harun\PycharmProjects\amazonpricealertTelegramBot\amazon.price.alert.py", line 141, in get_hepsiburada_price_with_selenium
    service = Service(ChromeDriverManager().install())
                      ~~~~~~~~~~~~~~~~~~~~~~~~~~~~~^^
  File "C:\Users\Harun\PycharmProjects\amazonpricealertTelegramBot\.venv\Lib\site-packages\webdriver_manager\chrome.py", line 40, in install
    driver_path = self._get_driver_binary_path(self.driver)
  File "C:\Users\Harun\PycharmProjects\amazonpricealertTelegramBot\.venv\Lib\site-packages\webdriver_manager\core\manager.py", line 35, in _get_driver_binary_path
    binary_path = self._cache_manager.find_driver(driver)
  File "C:\Users\Harun\PycharmProjects\amazonpricealertTelegramBot\.venv\Lib\site-packages\webdriver_manager\core\driver_cache.py", line 107, in find_driver
    driver_version = self.get_cache_key_driver_version(driver)
  File "C:\Users\Harun\PycharmProjects\amazonpricealertTelegramBot\.venv\Lib\site-packages\webdriver_manager\core\driver_cache.py", line 154, in get_cache_key_driver_version
    return driver.get_driver_version_to_download()
           ~~~~~~~~~~~~~~~~~~~~~~~~~~~~~~~~~~~~~^^
  File "C:\Users\Harun\PycharmProjects\amazonpricealertTelegramBot\.venv\Lib\site-packages\webdriver_manager\core\driver.py", line 48, in get_driver_version_to_download
    return self.get_latest_release_version()
           ~~~~~~~~~~~~~~~~~~~~~~~~~~~~~~~^^
  File "C:\Users\Harun\PycharmProjects\amazonpricealertTelegramBot\.venv\Lib\site-packages\webdriver_manager\drivers\chrome.py", line 59, in get_latest_release_version
    response = self._http_client.get(url)
  File "C:\Users\Harun\PycharmProjects\amazonpricealertTelegramBot\.venv\Lib\site-packages\webdriver_manager\core\http.py", line 32, in get
    resp = requests.get(
        url=url, verify=self._ssl_verify, stream=True, **kwargs)
  File "C:\Users\Harun\PycharmProjects\amazonpricealertTelegramBot\.venv\Lib\site-packages\requests\api.py", line 73, in get
    return request("get", url, params=params, **kwargs)
  File "C:\Users\Harun\PycharmProjects\amazonpricealertTelegramBot\.venv\Lib\site-packages\requests\api.py", line 59, in request
    return session.request(method=method, url=url, **kwargs)
           ~~~~~~~~~~~~~~~^^^^^^^^^^^^^^^^^^^^^^^^^^^^^^^^^^
  File "C:\Users\Harun\PycharmProjects\amazonpricealertTelegramBot\.venv\Lib\site-packages\requests\sessions.py", line 589, in request
    resp = self.send(prep, **send_kwargs)
  File "C:\Users\Harun\PycharmProjects\amazonpricealertTelegramBot\.venv\Lib\site-packages\requests\sessions.py", line 703, in send
    r = adapter.send(request, **kwargs)
  File "C:\Users\Harun\PycharmProjects\amazonpricealertTelegramBot\.venv\Lib\site-packages\requests\adapters.py", line 532, in send
    raise ReadTimeout(e, request=request)
requests.exceptions.ReadTimeout: HTTPSConnectionPool(host='googlechromelabs.github.io', port=443): Read timed out. (read timeout=None)
2025-07-22 05:02:37,367 - ERROR - Connection error for https://www.hepsiburada.com/yatsan-one-by-tempur-20-cm-yatak-p-HBCV00000GSHTW: ('Connection aborted.', ConnectionResetError(10054, 'An existing connection was forcibly closed by the remote host', None, 10054, None))
2025-07-22 05:04:21,987 - ERROR - SELENIUM: Beklenmedik bir hata oluştu: Message: 
Stacktrace:
	GetHandleVerifier [0x0xe01a33+62339]
	GetHandleVerifier [0x0xe01a74+62404]
	(No symbol) [0x0xc42123]
	(No symbol) [0x0xc8a86e]
	(No symbol) [0x0xc8ac0b]
	(No symbol) [0x0xcd2f72]
	(No symbol) [0x0xcaf404]
	(No symbol) [0x0xcd07a3]
	(No symbol) [0x0xcaf1b6]
	(No symbol) [0x0xc7e7a2]
	(No symbol) [0x0xc7f644]
	GetHandleVerifier [0x0x10765c3+2637587]
	GetHandleVerifier [0x0x10719ca+2618138]
	GetHandleVerifier [0x0xe284aa+220666]
	GetHandleVerifier [0x0xe188d8+156200]
	GetHandleVerifier [0x0xe1f06d+182717]
	GetHandleVerifier [0x0xe09978+94920]
	GetHandleVerifier [0x0xe09b02+95314]
	GetHandleVerifier [0x0xdf4c4a+9626]
	BaseThreadInitThunk [0x0x74fa5d49+25]
	RtlInitializeExceptionChain [0x0x7739cf0b+107]
	RtlGetAppContainerNamedObjectPath [0x0x7739ce91+561]
Traceback (most recent call last):
  File "C:\Users\Harun\PycharmProjects\amazonpricealertTelegramBot\amazon.price.alert.py", line 155, in get_hepsiburada_price_with_selenium
    WebDriverWait(driver, 20).until(EC.presence_of_element_located((By.ID, 'reduxStore')))
    ~~~~~~~~~~~~~~~~~~~~~~~~~~~~~~~^^^^^^^^^^^^^^^^^^^^^^^^^^^^^^^^^^^^^^^^^^^^^^^^^^^^^^^
  File "C:\Users\Harun\PycharmProjects\amazonpricealertTelegramBot\.venv\Lib\site-packages\selenium\webdriver\support\wait.py", line 95, in until
    raise TimeoutException(message, screen, stacktrace)
selenium.common.exceptions.TimeoutException: Message: 
Stacktrace:
	GetHandleVerifier [0x0xe01a33+62339]
	GetHandleVerifier [0x0xe01a74+62404]
	(No symbol) [0x0xc42123]
	(No symbol) [0x0xc8a86e]
	(No symbol) [0x0xc8ac0b]
	(No symbol) [0x0xcd2f72]
	(No symbol) [0x0xcaf404]
	(No symbol) [0x0xcd07a3]
	(No symbol) [0x0xcaf1b6]
	(No symbol) [0x0xc7e7a2]
	(No symbol) [0x0xc7f644]
	GetHandleVerifier [0x0x10765c3+2637587]
	GetHandleVerifier [0x0x10719ca+2618138]
	GetHandleVerifier [0x0xe284aa+220666]
	GetHandleVerifier [0x0xe188d8+156200]
	GetHandleVerifier [0x0xe1f06d+182717]
	GetHandleVerifier [0x0xe09978+94920]
	GetHandleVerifier [0x0xe09b02+95314]
	GetHandleVerifier [0x0xdf4c4a+9626]
	BaseThreadInitThunk [0x0x74fa5d49+25]
	RtlInitializeExceptionChain [0x0x7739cf0b+107]
	RtlGetAppContainerNamedObjectPath [0x0x7739ce91+561]

2025-07-22 05:04:42,416 - ERROR - All 2 retries failed for product ID 29 (https://www.hepsiburada.com/yatsan-one-by-tempur-20-cm-yatak-p-HBCV00000GSHTW).
2025-07-22 05:04:59,145 - ERROR - Connection error for https://www.hepsiburada.com/dji-osmo-action-5-pro-standard-aksiyon-kamera-p-HBCV000079UXT4: ('Connection aborted.', ConnectionResetError(10054, 'An existing connection was forcibly closed by the remote host', None, 10054, None))
2025-07-22 05:06:35,787 - ERROR - SELENIUM: Beklenmedik bir hata oluştu: Unterminated string starting at: line 2 column 41791 (char 41791)
Traceback (most recent call last):
  File "C:\Users\Harun\PycharmProjects\amazonpricealertTelegramBot\amazon.price.alert.py", line 168, in get_hepsiburada_price_with_selenium
    data = json.loads(redux_script.string)
  File "C:\Users\Harun\AppData\Local\Programs\Python\Python313\Lib\json\__init__.py", line 346, in loads
    return _default_decoder.decode(s)
           ~~~~~~~~~~~~~~~~~~~~~~~^^^
  File "C:\Users\Harun\AppData\Local\Programs\Python\Python313\Lib\json\decoder.py", line 344, in decode
    obj, end = self.raw_decode(s, idx=_w(s, 0).end())
               ~~~~~~~~~~~~~~~^^^^^^^^^^^^^^^^^^^^^^^
  File "C:\Users\Harun\AppData\Local\Programs\Python\Python313\Lib\json\decoder.py", line 360, in raw_decode
    obj, end = self.scan_once(s, idx)
               ~~~~~~~~~~~~~~^^^^^^^^
json.decoder.JSONDecodeError: Unterminated string starting at: line 2 column 41791 (char 41791)
2025-07-22 05:07:25,494 - ERROR - Timeout occurred for https://www.hepsiburada.com/dji-osmo-action-5-pro-standard-aksiyon-kamera-p-HBCV000079UXT4
2025-07-22 05:07:50,581 - ERROR - SELENIUM: Beklenmedik bir hata oluştu: Could not reach host. Are you offline?
Traceback (most recent call last):
  File "C:\Users\Harun\PycharmProjects\amazonpricealertTelegramBot\.venv\Lib\site-packages\urllib3\connectionpool.py", line 787, in urlopen
    response = self._make_request(
        conn,
    ...<10 lines>...
        **response_kw,
    )
  File "C:\Users\Harun\PycharmProjects\amazonpricealertTelegramBot\.venv\Lib\site-packages\urllib3\connectionpool.py", line 488, in _make_request
    raise new_e
  File "C:\Users\Harun\PycharmProjects\amazonpricealertTelegramBot\.venv\Lib\site-packages\urllib3\connectionpool.py", line 464, in _make_request
    self._validate_conn(conn)
    ~~~~~~~~~~~~~~~~~~~^^^^^^
  File "C:\Users\Harun\PycharmProjects\amazonpricealertTelegramBot\.venv\Lib\site-packages\urllib3\connectionpool.py", line 1093, in _validate_conn
    conn.connect()
    ~~~~~~~~~~~~^^
  File "C:\Users\Harun\PycharmProjects\amazonpricealertTelegramBot\.venv\Lib\site-packages\urllib3\connection.py", line 741, in connect
    sock_and_verified = _ssl_wrap_socket_and_match_hostname(
        sock=sock,
    ...<14 lines>...
        assert_fingerprint=self.assert_fingerprint,
    )
  File "C:\Users\Harun\PycharmProjects\amazonpricealertTelegramBot\.venv\Lib\site-packages\urllib3\connection.py", line 920, in _ssl_wrap_socket_and_match_hostname
    ssl_sock = ssl_wrap_socket(
        sock=sock,
    ...<8 lines>...
        tls_in_tls=tls_in_tls,
    )
  File "C:\Users\Harun\PycharmProjects\amazonpricealertTelegramBot\.venv\Lib\site-packages\urllib3\util\ssl_.py", line 480, in ssl_wrap_socket
    ssl_sock = _ssl_wrap_socket_impl(sock, context, tls_in_tls, server_hostname)
  File "C:\Users\Harun\PycharmProjects\amazonpricealertTelegramBot\.venv\Lib\site-packages\urllib3\util\ssl_.py", line 524, in _ssl_wrap_socket_impl
    return ssl_context.wrap_socket(sock, server_hostname=server_hostname)
           ~~~~~~~~~~~~~~~~~~~~~~~^^^^^^^^^^^^^^^^^^^^^^^^^^^^^^^^^^^^^^^
  File "C:\Users\Harun\AppData\Local\Programs\Python\Python313\Lib\ssl.py", line 455, in wrap_socket
    return self.sslsocket_class._create(
           ~~~~~~~~~~~~~~~~~~~~~~~~~~~~^
        sock=sock,
        ^^^^^^^^^^
    ...<5 lines>...
        session=session
        ^^^^^^^^^^^^^^^
    )
    ^
  File "C:\Users\Harun\AppData\Local\Programs\Python\Python313\Lib\ssl.py", line 1076, in _create
    self.do_handshake()
    ~~~~~~~~~~~~~~~~~^^
  File "C:\Users\Harun\AppData\Local\Programs\Python\Python313\Lib\ssl.py", line 1372, in do_handshake
    self._sslobj.do_handshake()
    ~~~~~~~~~~~~~~~~~~~~~~~~~^^
ConnectionResetError: [WinError 10054] An existing connection was forcibly closed by the remote host

During handling of the above exception, another exception occurred:

Traceback (most recent call last):
  File "C:\Users\Harun\PycharmProjects\amazonpricealertTelegramBot\.venv\Lib\site-packages\requests\adapters.py", line 486, in send
    resp = conn.urlopen(
        method=request.method,
    ...<9 lines>...
        chunked=chunked,
    )
  File "C:\Users\Harun\PycharmProjects\amazonpricealertTelegramBot\.venv\Lib\site-packages\urllib3\connectionpool.py", line 841, in urlopen
    retries = retries.increment(
        method, url, error=new_e, _pool=self, _stacktrace=sys.exc_info()[2]
    )
  File "C:\Users\Harun\PycharmProjects\amazonpricealertTelegramBot\.venv\Lib\site-packages\urllib3\util\retry.py", line 474, in increment
    raise reraise(type(error), error, _stacktrace)
          ~~~~~~~^^^^^^^^^^^^^^^^^^^^^^^^^^^^^^^^^
  File "C:\Users\Harun\PycharmProjects\amazonpricealertTelegramBot\.venv\Lib\site-packages\urllib3\util\util.py", line 38, in reraise
    raise value.with_traceback(tb)
  File "C:\Users\Harun\PycharmProjects\amazonpricealertTelegramBot\.venv\Lib\site-packages\urllib3\connectionpool.py", line 787, in urlopen
    response = self._make_request(
        conn,
    ...<10 lines>...
        **response_kw,
    )
  File "C:\Users\Harun\PycharmProjects\amazonpricealertTelegramBot\.venv\Lib\site-packages\urllib3\connectionpool.py", line 488, in _make_request
    raise new_e
  File "C:\Users\Harun\PycharmProjects\amazonpricealertTelegramBot\.venv\Lib\site-packages\urllib3\connectionpool.py", line 464, in _make_request
    self._validate_conn(conn)
    ~~~~~~~~~~~~~~~~~~~^^^^^^
  File "C:\Users\Harun\PycharmProjects\amazonpricealertTelegramBot\.venv\Lib\site-packages\urllib3\connectionpool.py", line 1093, in _validate_conn
    conn.connect()
    ~~~~~~~~~~~~^^
  File "C:\Users\Harun\PycharmProjects\amazonpricealertTelegramBot\.venv\Lib\site-packages\urllib3\connection.py", line 741, in connect
    sock_and_verified = _ssl_wrap_socket_and_match_hostname(
        sock=sock,
    ...<14 lines>...
        assert_fingerprint=self.assert_fingerprint,
    )
  File "C:\Users\Harun\PycharmProjects\amazonpricealertTelegramBot\.venv\Lib\site-packages\urllib3\connection.py", line 920, in _ssl_wrap_socket_and_match_hostname
    ssl_sock = ssl_wrap_socket(
        sock=sock,
    ...<8 lines>...
        tls_in_tls=tls_in_tls,
    )
  File "C:\Users\Harun\PycharmProjects\amazonpricealertTelegramBot\.venv\Lib\site-packages\urllib3\util\ssl_.py", line 480, in ssl_wrap_socket
    ssl_sock = _ssl_wrap_socket_impl(sock, context, tls_in_tls, server_hostname)
  File "C:\Users\Harun\PycharmProjects\amazonpricealertTelegramBot\.venv\Lib\site-packages\urllib3\util\ssl_.py", line 524, in _ssl_wrap_socket_impl
    return ssl_context.wrap_socket(sock, server_hostname=server_hostname)
           ~~~~~~~~~~~~~~~~~~~~~~~^^^^^^^^^^^^^^^^^^^^^^^^^^^^^^^^^^^^^^^
  File "C:\Users\Harun\AppData\Local\Programs\Python\Python313\Lib\ssl.py", line 455, in wrap_socket
    return self.sslsocket_class._create(
           ~~~~~~~~~~~~~~~~~~~~~~~~~~~~^
        sock=sock,
        ^^^^^^^^^^
    ...<5 lines>...
        session=session
        ^^^^^^^^^^^^^^^
    )
    ^
  File "C:\Users\Harun\AppData\Local\Programs\Python\Python313\Lib\ssl.py", line 1076, in _create
    self.do_handshake()
    ~~~~~~~~~~~~~~~~~^^
  File "C:\Users\Harun\AppData\Local\Programs\Python\Python313\Lib\ssl.py", line 1372, in do_handshake
    self._sslobj.do_handshake()
    ~~~~~~~~~~~~~~~~~~~~~~~~~^^
urllib3.exceptions.ProtocolError: ('Connection aborted.', ConnectionResetError(10054, 'An existing connection was forcibly closed by the remote host', None, 10054, None))

During handling of the above exception, another exception occurred:

Traceback (most recent call last):
  File "C:\Users\Harun\PycharmProjects\amazonpricealertTelegramBot\.venv\Lib\site-packages\webdriver_manager\core\http.py", line 32, in get
    resp = requests.get(
        url=url, verify=self._ssl_verify, stream=True, **kwargs)
  File "C:\Users\Harun\PycharmProjects\amazonpricealertTelegramBot\.venv\Lib\site-packages\requests\api.py", line 73, in get
    return request("get", url, params=params, **kwargs)
  File "C:\Users\Harun\PycharmProjects\amazonpricealertTelegramBot\.venv\Lib\site-packages\requests\api.py", line 59, in request
    return session.request(method=method, url=url, **kwargs)
           ~~~~~~~~~~~~~~~^^^^^^^^^^^^^^^^^^^^^^^^^^^^^^^^^^
  File "C:\Users\Harun\PycharmProjects\amazonpricealertTelegramBot\.venv\Lib\site-packages\requests\sessions.py", line 589, in request
    resp = self.send(prep, **send_kwargs)
  File "C:\Users\Harun\PycharmProjects\amazonpricealertTelegramBot\.venv\Lib\site-packages\requests\sessions.py", line 703, in send
    r = adapter.send(request, **kwargs)
  File "C:\Users\Harun\PycharmProjects\amazonpricealertTelegramBot\.venv\Lib\site-packages\requests\adapters.py", line 501, in send
    raise ConnectionError(err, request=request)
requests.exceptions.ConnectionError: ('Connection aborted.', ConnectionResetError(10054, 'An existing connection was forcibly closed by the remote host', None, 10054, None))

During handling of the above exception, another exception occurred:

Traceback (most recent call last):
  File "C:\Users\Harun\PycharmProjects\amazonpricealertTelegramBot\amazon.price.alert.py", line 141, in get_hepsiburada_price_with_selenium
    service = Service(ChromeDriverManager().install())
                      ~~~~~~~~~~~~~~~~~~~~~~~~~~~~~^^
  File "C:\Users\Harun\PycharmProjects\amazonpricealertTelegramBot\.venv\Lib\site-packages\webdriver_manager\chrome.py", line 40, in install
    driver_path = self._get_driver_binary_path(self.driver)
  File "C:\Users\Harun\PycharmProjects\amazonpricealertTelegramBot\.venv\Lib\site-packages\webdriver_manager\core\manager.py", line 35, in _get_driver_binary_path
    binary_path = self._cache_manager.find_driver(driver)
  File "C:\Users\Harun\PycharmProjects\amazonpricealertTelegramBot\.venv\Lib\site-packages\webdriver_manager\core\driver_cache.py", line 110, in find_driver
    key = self.__get_metadata_key(driver)
  File "C:\Users\Harun\PycharmProjects\amazonpricealertTelegramBot\.venv\Lib\site-packages\webdriver_manager\core\driver_cache.py", line 144, in __get_metadata_key
    driver_version = self.get_cache_key_driver_version(driver)
  File "C:\Users\Harun\PycharmProjects\amazonpricealertTelegramBot\.venv\Lib\site-packages\webdriver_manager\core\driver_cache.py", line 154, in get_cache_key_driver_version
    return driver.get_driver_version_to_download()
           ~~~~~~~~~~~~~~~~~~~~~~~~~~~~~~~~~~~~~^^
  File "C:\Users\Harun\PycharmProjects\amazonpricealertTelegramBot\.venv\Lib\site-packages\webdriver_manager\core\driver.py", line 48, in get_driver_version_to_download
    return self.get_latest_release_version()
           ~~~~~~~~~~~~~~~~~~~~~~~~~~~~~~~^^
  File "C:\Users\Harun\PycharmProjects\amazonpricealertTelegramBot\.venv\Lib\site-packages\webdriver_manager\drivers\chrome.py", line 59, in get_latest_release_version
    response = self._http_client.get(url)
  File "C:\Users\Harun\PycharmProjects\amazonpricealertTelegramBot\.venv\Lib\site-packages\webdriver_manager\core\http.py", line 35, in get
    raise exceptions.ConnectionError(f"Could not reach host. Are you offline?")
requests.exceptions.ConnectionError: Could not reach host. Are you offline?
2025-07-22 05:08:04,835 - ERROR - All 2 retries failed for product ID 30 (https://www.hepsiburada.com/dji-osmo-action-5-pro-standard-aksiyon-kamera-p-HBCV000079UXT4).
2025-07-22 05:08:28,172 - ERROR - Timeout occurred for https://www.hepsiburada.com/grillmate-gm60-ka-dokum-izgarali-katlanir-ayakli-mangal-pm-HBC00006RKVXF
2025-07-22 05:09:16,071 - ERROR - SELENIUM: Beklenmedik bir hata oluştu: Unterminated string starting at: line 2 column 2710 (char 2710)
Traceback (most recent call last):
  File "C:\Users\Harun\PycharmProjects\amazonpricealertTelegramBot\amazon.price.alert.py", line 168, in get_hepsiburada_price_with_selenium
    data = json.loads(redux_script.string)
  File "C:\Users\Harun\AppData\Local\Programs\Python\Python313\Lib\json\__init__.py", line 346, in loads
    return _default_decoder.decode(s)
           ~~~~~~~~~~~~~~~~~~~~~~~^^^
  File "C:\Users\Harun\AppData\Local\Programs\Python\Python313\Lib\json\decoder.py", line 344, in decode
    obj, end = self.raw_decode(s, idx=_w(s, 0).end())
               ~~~~~~~~~~~~~~~^^^^^^^^^^^^^^^^^^^^^^^
  File "C:\Users\Harun\AppData\Local\Programs\Python\Python313\Lib\json\decoder.py", line 360, in raw_decode
    obj, end = self.scan_once(s, idx)
               ~~~~~~~~~~~~~~^^^^^^^^
json.decoder.JSONDecodeError: Unterminated string starting at: line 2 column 2710 (char 2710)
2025-07-22 05:10:04,850 - ERROR - Timeout occurred for https://www.hepsiburada.com/grillmate-gm60-ka-dokum-izgarali-katlanir-ayakli-mangal-pm-HBC00006RKVXF
2025-07-22 05:10:26,477 - ERROR - SELENIUM: Beklenmedik bir hata oluştu: Could not reach host. Are you offline?
Traceback (most recent call last):
  File "C:\Users\Harun\PycharmProjects\amazonpricealertTelegramBot\.venv\Lib\site-packages\urllib3\connectionpool.py", line 787, in urlopen
    response = self._make_request(
        conn,
    ...<10 lines>...
        **response_kw,
    )
  File "C:\Users\Harun\PycharmProjects\amazonpricealertTelegramBot\.venv\Lib\site-packages\urllib3\connectionpool.py", line 488, in _make_request
    raise new_e
  File "C:\Users\Harun\PycharmProjects\amazonpricealertTelegramBot\.venv\Lib\site-packages\urllib3\connectionpool.py", line 464, in _make_request
    self._validate_conn(conn)
    ~~~~~~~~~~~~~~~~~~~^^^^^^
  File "C:\Users\Harun\PycharmProjects\amazonpricealertTelegramBot\.venv\Lib\site-packages\urllib3\connectionpool.py", line 1093, in _validate_conn
    conn.connect()
    ~~~~~~~~~~~~^^
  File "C:\Users\Harun\PycharmProjects\amazonpricealertTelegramBot\.venv\Lib\site-packages\urllib3\connection.py", line 741, in connect
    sock_and_verified = _ssl_wrap_socket_and_match_hostname(
        sock=sock,
    ...<14 lines>...
        assert_fingerprint=self.assert_fingerprint,
    )
  File "C:\Users\Harun\PycharmProjects\amazonpricealertTelegramBot\.venv\Lib\site-packages\urllib3\connection.py", line 920, in _ssl_wrap_socket_and_match_hostname
    ssl_sock = ssl_wrap_socket(
        sock=sock,
    ...<8 lines>...
        tls_in_tls=tls_in_tls,
    )
  File "C:\Users\Harun\PycharmProjects\amazonpricealertTelegramBot\.venv\Lib\site-packages\urllib3\util\ssl_.py", line 480, in ssl_wrap_socket
    ssl_sock = _ssl_wrap_socket_impl(sock, context, tls_in_tls, server_hostname)
  File "C:\Users\Harun\PycharmProjects\amazonpricealertTelegramBot\.venv\Lib\site-packages\urllib3\util\ssl_.py", line 524, in _ssl_wrap_socket_impl
    return ssl_context.wrap_socket(sock, server_hostname=server_hostname)
           ~~~~~~~~~~~~~~~~~~~~~~~^^^^^^^^^^^^^^^^^^^^^^^^^^^^^^^^^^^^^^^
  File "C:\Users\Harun\AppData\Local\Programs\Python\Python313\Lib\ssl.py", line 455, in wrap_socket
    return self.sslsocket_class._create(
           ~~~~~~~~~~~~~~~~~~~~~~~~~~~~^
        sock=sock,
        ^^^^^^^^^^
    ...<5 lines>...
        session=session
        ^^^^^^^^^^^^^^^
    )
    ^
  File "C:\Users\Harun\AppData\Local\Programs\Python\Python313\Lib\ssl.py", line 1076, in _create
    self.do_handshake()
    ~~~~~~~~~~~~~~~~~^^
  File "C:\Users\Harun\AppData\Local\Programs\Python\Python313\Lib\ssl.py", line 1372, in do_handshake
    self._sslobj.do_handshake()
    ~~~~~~~~~~~~~~~~~~~~~~~~~^^
ConnectionResetError: [WinError 10054] An existing connection was forcibly closed by the remote host

During handling of the above exception, another exception occurred:

Traceback (most recent call last):
  File "C:\Users\Harun\PycharmProjects\amazonpricealertTelegramBot\.venv\Lib\site-packages\requests\adapters.py", line 486, in send
    resp = conn.urlopen(
        method=request.method,
    ...<9 lines>...
        chunked=chunked,
    )
  File "C:\Users\Harun\PycharmProjects\amazonpricealertTelegramBot\.venv\Lib\site-packages\urllib3\connectionpool.py", line 841, in urlopen
    retries = retries.increment(
        method, url, error=new_e, _pool=self, _stacktrace=sys.exc_info()[2]
    )
  File "C:\Users\Harun\PycharmProjects\amazonpricealertTelegramBot\.venv\Lib\site-packages\urllib3\util\retry.py", line 474, in increment
    raise reraise(type(error), error, _stacktrace)
          ~~~~~~~^^^^^^^^^^^^^^^^^^^^^^^^^^^^^^^^^
  File "C:\Users\Harun\PycharmProjects\amazonpricealertTelegramBot\.venv\Lib\site-packages\urllib3\util\util.py", line 38, in reraise
    raise value.with_traceback(tb)
  File "C:\Users\Harun\PycharmProjects\amazonpricealertTelegramBot\.venv\Lib\site-packages\urllib3\connectionpool.py", line 787, in urlopen
    response = self._make_request(
        conn,
    ...<10 lines>...
        **response_kw,
    )
  File "C:\Users\Harun\PycharmProjects\amazonpricealertTelegramBot\.venv\Lib\site-packages\urllib3\connectionpool.py", line 488, in _make_request
    raise new_e
  File "C:\Users\Harun\PycharmProjects\amazonpricealertTelegramBot\.venv\Lib\site-packages\urllib3\connectionpool.py", line 464, in _make_request
    self._validate_conn(conn)
    ~~~~~~~~~~~~~~~~~~~^^^^^^
  File "C:\Users\Harun\PycharmProjects\amazonpricealertTelegramBot\.venv\Lib\site-packages\urllib3\connectionpool.py", line 1093, in _validate_conn
    conn.connect()
    ~~~~~~~~~~~~^^
  File "C:\Users\Harun\PycharmProjects\amazonpricealertTelegramBot\.venv\Lib\site-packages\urllib3\connection.py", line 741, in connect
    sock_and_verified = _ssl_wrap_socket_and_match_hostname(
        sock=sock,
    ...<14 lines>...
        assert_fingerprint=self.assert_fingerprint,
    )
  File "C:\Users\Harun\PycharmProjects\amazonpricealertTelegramBot\.venv\Lib\site-packages\urllib3\connection.py", line 920, in _ssl_wrap_socket_and_match_hostname
    ssl_sock = ssl_wrap_socket(
        sock=sock,
    ...<8 lines>...
        tls_in_tls=tls_in_tls,
    )
  File "C:\Users\Harun\PycharmProjects\amazonpricealertTelegramBot\.venv\Lib\site-packages\urllib3\util\ssl_.py", line 480, in ssl_wrap_socket
    ssl_sock = _ssl_wrap_socket_impl(sock, context, tls_in_tls, server_hostname)
  File "C:\Users\Harun\PycharmProjects\amazonpricealertTelegramBot\.venv\Lib\site-packages\urllib3\util\ssl_.py", line 524, in _ssl_wrap_socket_impl
    return ssl_context.wrap_socket(sock, server_hostname=server_hostname)
           ~~~~~~~~~~~~~~~~~~~~~~~^^^^^^^^^^^^^^^^^^^^^^^^^^^^^^^^^^^^^^^
  File "C:\Users\Harun\AppData\Local\Programs\Python\Python313\Lib\ssl.py", line 455, in wrap_socket
    return self.sslsocket_class._create(
           ~~~~~~~~~~~~~~~~~~~~~~~~~~~~^
        sock=sock,
        ^^^^^^^^^^
    ...<5 lines>...
        session=session
        ^^^^^^^^^^^^^^^
    )
    ^
  File "C:\Users\Harun\AppData\Local\Programs\Python\Python313\Lib\ssl.py", line 1076, in _create
    self.do_handshake()
    ~~~~~~~~~~~~~~~~~^^
  File "C:\Users\Harun\AppData\Local\Programs\Python\Python313\Lib\ssl.py", line 1372, in do_handshake
    self._sslobj.do_handshake()
    ~~~~~~~~~~~~~~~~~~~~~~~~~^^
urllib3.exceptions.ProtocolError: ('Connection aborted.', ConnectionResetError(10054, 'An existing connection was forcibly closed by the remote host', None, 10054, None))

During handling of the above exception, another exception occurred:

Traceback (most recent call last):
  File "C:\Users\Harun\PycharmProjects\amazonpricealertTelegramBot\.venv\Lib\site-packages\webdriver_manager\core\http.py", line 32, in get
    resp = requests.get(
        url=url, verify=self._ssl_verify, stream=True, **kwargs)
  File "C:\Users\Harun\PycharmProjects\amazonpricealertTelegramBot\.venv\Lib\site-packages\requests\api.py", line 73, in get
    return request("get", url, params=params, **kwargs)
  File "C:\Users\Harun\PycharmProjects\amazonpricealertTelegramBot\.venv\Lib\site-packages\requests\api.py", line 59, in request
    return session.request(method=method, url=url, **kwargs)
           ~~~~~~~~~~~~~~~^^^^^^^^^^^^^^^^^^^^^^^^^^^^^^^^^^
  File "C:\Users\Harun\PycharmProjects\amazonpricealertTelegramBot\.venv\Lib\site-packages\requests\sessions.py", line 589, in request
    resp = self.send(prep, **send_kwargs)
  File "C:\Users\Harun\PycharmProjects\amazonpricealertTelegramBot\.venv\Lib\site-packages\requests\sessions.py", line 703, in send
    r = adapter.send(request, **kwargs)
  File "C:\Users\Harun\PycharmProjects\amazonpricealertTelegramBot\.venv\Lib\site-packages\requests\adapters.py", line 501, in send
    raise ConnectionError(err, request=request)
requests.exceptions.ConnectionError: ('Connection aborted.', ConnectionResetError(10054, 'An existing connection was forcibly closed by the remote host', None, 10054, None))

During handling of the above exception, another exception occurred:

Traceback (most recent call last):
  File "C:\Users\Harun\PycharmProjects\amazonpricealertTelegramBot\amazon.price.alert.py", line 141, in get_hepsiburada_price_with_selenium
    service = Service(ChromeDriverManager().install())
                      ~~~~~~~~~~~~~~~~~~~~~~~~~~~~~^^
  File "C:\Users\Harun\PycharmProjects\amazonpricealertTelegramBot\.venv\Lib\site-packages\webdriver_manager\chrome.py", line 40, in install
    driver_path = self._get_driver_binary_path(self.driver)
  File "C:\Users\Harun\PycharmProjects\amazonpricealertTelegramBot\.venv\Lib\site-packages\webdriver_manager\core\manager.py", line 35, in _get_driver_binary_path
    binary_path = self._cache_manager.find_driver(driver)
  File "C:\Users\Harun\PycharmProjects\amazonpricealertTelegramBot\.venv\Lib\site-packages\webdriver_manager\core\driver_cache.py", line 107, in find_driver
    driver_version = self.get_cache_key_driver_version(driver)
  File "C:\Users\Harun\PycharmProjects\amazonpricealertTelegramBot\.venv\Lib\site-packages\webdriver_manager\core\driver_cache.py", line 154, in get_cache_key_driver_version
    return driver.get_driver_version_to_download()
           ~~~~~~~~~~~~~~~~~~~~~~~~~~~~~~~~~~~~~^^
  File "C:\Users\Harun\PycharmProjects\amazonpricealertTelegramBot\.venv\Lib\site-packages\webdriver_manager\core\driver.py", line 48, in get_driver_version_to_download
    return self.get_latest_release_version()
           ~~~~~~~~~~~~~~~~~~~~~~~~~~~~~~~^^
  File "C:\Users\Harun\PycharmProjects\amazonpricealertTelegramBot\.venv\Lib\site-packages\webdriver_manager\drivers\chrome.py", line 59, in get_latest_release_version
    response = self._http_client.get(url)
  File "C:\Users\Harun\PycharmProjects\amazonpricealertTelegramBot\.venv\Lib\site-packages\webdriver_manager\core\http.py", line 35, in get
    raise exceptions.ConnectionError(f"Could not reach host. Are you offline?")
requests.exceptions.ConnectionError: Could not reach host. Are you offline?
2025-07-22 05:10:40,736 - ERROR - All 2 retries failed for product ID 31 (https://www.hepsiburada.com/grillmate-gm60-ka-dokum-izgarali-katlanir-ayakli-mangal-pm-HBC00006RKVXF).
2025-07-22 05:12:25,251 - ERROR - All 2 retries failed for product ID 32 (https://www.trendyol.com/hoover/hle-c10dg-17-10-kg-nfc-baglantili-kurutma-makinesi-p-216657679).
2025-07-22 05:12:47,753 - ERROR - Connection error for https://www.trendyol.com/neutron/akilli-wi-fi-destekli-4-lu-akim-korumali-priz-p-347127121?boutiqueId=61&merchantId=107514&adjust_t=mk12x3o_m4o2h83&adjust_tracker_limit=999999999&utm_campaign=347127121&adjust_campaign=product_free_20256239_TR&adjust_creative=347127121&adjust_adgroup=10629080&utm_term=10629080&link_contentid=347127121&utm_source=share&utm_medium=product_free&link_userID=10629080: ('Connection aborted.', ConnectionResetError(10054, 'An existing connection was forcibly closed by the remote host', None, 10054, None))
2025-07-22 05:13:34,200 - ERROR - All 2 retries failed for product ID 33 (https://www.trendyol.com/neutron/akilli-wi-fi-destekli-4-lu-akim-korumali-priz-p-347127121?boutiqueId=61&merchantId=107514&adjust_t=mk12x3o_m4o2h83&adjust_tracker_limit=999999999&utm_campaign=347127121&adjust_campaign=product_free_20256239_TR&adjust_creative=347127121&adjust_adgroup=10629080&utm_term=10629080&link_contentid=347127121&utm_source=share&utm_medium=product_free&link_userID=10629080).
2025-07-22 05:15:46,512 - ERROR - All 2 retries failed for product ID 35 (https://www.mediamarkt.com.tr/tr/product/_meross-matter-akilli-priz-beyaz-1247481.html).
2025-07-22 05:15:58,397 - ERROR - Connection error for https://www.trendyol.com/sword/wi-fi-akilli-priz-30w-type-c-akim-korumali-3-lu-priz-3-usb-uzaktan-kontrol-ve-zaman-ayarli-sw-3pu1c-p-698472817?boutiqueId=61&merchantId=405920: ('Connection aborted.', ConnectionResetError(10054, 'An existing connection was forcibly closed by the remote host', None, 10054, None))
2025-07-22 05:16:43,982 - ERROR - All 2 retries failed for product ID 36 (https://www.trendyol.com/sword/wi-fi-akilli-priz-30w-type-c-akim-korumali-3-lu-priz-3-usb-uzaktan-kontrol-ve-zaman-ayarli-sw-3pu1c-p-698472817?boutiqueId=61&merchantId=405920).
2025-07-22 05:17:01,654 - ERROR - Timeout occurred for https://www.hepsiburada.com/yatas-black-ice-yayli-yatak-black-ice-visco-yastik-hediyeli-p-HBCV00008OYJ3Z
2025-07-22 05:20:20,856 - ERROR - Connection error for https://www.amazon.com.tr/Black-Decker-KS801SE-Dekupaj-Testere/dp/B00VVFK5QC#averageCustomerReviewsAnchor: HTTPSConnectionPool(host='www.amazon.com.tr', port=443): Read timed out.
2025-07-22 05:21:23,505 - ERROR - Connection error for https://www.amazon.com.tr/Black-Decker-KS801SE-Dekupaj-Testere/dp/B00VVFK5QC#averageCustomerReviewsAnchor: HTTPSConnectionPool(host='www.amazon.com.tr', port=443): Read timed out.
2025-07-22 05:21:37,755 - ERROR - All 2 retries failed for product ID 38 (https://www.amazon.com.tr/Black-Decker-KS801SE-Dekupaj-Testere/dp/B00VVFK5QC#averageCustomerReviewsAnchor).
2025-07-22 05:22:13,039 - ERROR - Connection error for https://www.amazon.com.tr/dp/B0DQLL7HWR?pbs=go&tag=onual_firsat-35901-21: HTTPSConnectionPool(host='www.amazon.com.tr', port=443): Read timed out.
2025-07-22 05:22:36,804 - ERROR - Connection error for https://www.amazon.com.tr/dp/B0DQLL7HWR?pbs=go&tag=onual_firsat-35901-21: ('Connection aborted.', ConnectionResetError(10054, 'An existing connection was forcibly closed by the remote host', None, 10054, None))
2025-07-22 05:22:51,062 - ERROR - All 2 retries failed for product ID 39 (https://www.amazon.com.tr/dp/B0DQLL7HWR?pbs=go&tag=onual_firsat-35901-21).
2025-07-22 05:33:38,915 - ERROR - Connection error for https://www.amazon.com.tr/gp/product/B0001D1QOK/ref=ox_sc_saved_image_6?smid=A1UNQM1SR2CHM&th=1: HTTPSConnectionPool(host='www.amazon.com.tr', port=443): Read timed out.
2025-07-22 05:35:35,922 - ERROR - Connection error for https://www.amazon.com.tr/gp/product/B0CJRQZF8R/ref=ox_sc_act_title_1?smid=A1UNQM1SR2CHM&psc=1: ('Connection aborted.', ConnectionResetError(10054, 'An existing connection was forcibly closed by the remote host', None, 10054, None))
2025-07-22 05:36:00,038 - ERROR - Connection error for https://www.amazon.com.tr/gp/product/B0CJRQZF8R/ref=ox_sc_act_title_1?smid=A1UNQM1SR2CHM&psc=1: ('Connection aborted.', ConnectionResetError(10054, 'An existing connection was forcibly closed by the remote host', None, 10054, None))
2025-07-22 05:36:14,289 - ERROR - All 2 retries failed for product ID 2 (https://www.amazon.com.tr/gp/product/B0CJRQZF8R/ref=ox_sc_act_title_1?smid=A1UNQM1SR2CHM&psc=1).
2025-07-22 05:36:25,885 - ERROR - Connection error for https://www.amazon.com.tr/dp/B007WQJSZI/?coliid=I11F441CU6YGK1&colid=23A34QHGOQ5YA&ref_=list_c_wl_lv_ov_lig_dp_it&th=1&psc=1: ('Connection aborted.', ConnectionResetError(10054, 'An existing connection was forcibly closed by the remote host', None, 10054, None))
2025-07-22 05:37:53,604 - ERROR - Connection error for https://www.amazon.com.tr/dp/B007WQJSZI/?coliid=I11F441CU6YGK1&colid=23A34QHGOQ5YA&ref_=list_c_wl_lv_ov_lig_dp_it&th=1&psc=1: HTTPSConnectionPool(host='www.amazon.com.tr', port=443): Read timed out.
2025-07-22 05:38:07,863 - ERROR - All 2 retries failed for product ID 3 (https://www.amazon.com.tr/dp/B007WQJSZI/?coliid=I11F441CU6YGK1&colid=23A34QHGOQ5YA&ref_=list_c_wl_lv_ov_lig_dp_it&th=1&psc=1).
2025-07-22 05:41:14,532 - ERROR - Connection error for https://www.amazon.com.tr/dp/B0C332C9S4/?coliid=I1JTQ5S6QNPO7D&colid=23A34QHGOQ5YA&ref_=list_c_wl_lv_ov_lig_dp_it&th=1: ('Connection aborted.', ConnectionResetError(10054, 'An existing connection was forcibly closed by the remote host', None, 10054, None))
2025-07-22 05:43:56,046 - ERROR - Connection error for https://www.amazon.com.tr/gp/product/B08DL2NHPL/ref=ox_sc_saved_image_4?smid=A1UNQM1SR2CHM&psc=1: ('Connection aborted.', ConnectionResetError(10054, 'An existing connection was forcibly closed by the remote host', None, 10054, None))
2025-07-22 05:44:17,636 - ERROR - Connection error for https://www.amazon.com.tr/gp/product/B08DL2NHPL/ref=ox_sc_saved_image_4?smid=A1UNQM1SR2CHM&psc=1: ('Connection aborted.', ConnectionResetError(10054, 'An existing connection was forcibly closed by the remote host', None, 10054, None))
2025-07-22 05:44:31,884 - ERROR - All 2 retries failed for product ID 11 (https://www.amazon.com.tr/gp/product/B08DL2NHPL/ref=ox_sc_saved_image_4?smid=A1UNQM1SR2CHM&psc=1).
2025-07-22 05:50:06,145 - ERROR - Connection error for https://www.trendyol.com/bissell/spinwave-cordless-kablosuz-zemin-silme-makinesi-p-125828676?boutiqueId=61: ('Connection aborted.', ConnectionResetError(10054, 'An existing connection was forcibly closed by the remote host', None, 10054, None))
2025-07-22 05:50:46,398 - ERROR - All 2 retries failed for product ID 21 (https://www.trendyol.com/bissell/spinwave-cordless-kablosuz-zemin-silme-makinesi-p-125828676?boutiqueId=61).
2025-07-22 05:51:28,487 - ERROR - Connection error for https://www.amazon.com.tr/dp/B0D9FM7FMT?ref=cm_sw_r_cso_cp_apin_dp_4RX7HSESKENSK2A7J6XQ&ref_=cm_sw_r_cso_cp_apin_dp_4RX7HSESKENSK2A7J6XQ&social_share=cm_sw_r_cso_cp_apin_dp_4RX7HSESKENSK2A7J6XQ&previewDoh=1: ('Connection aborted.', ConnectionResetError(10054, 'An existing connection was forcibly closed by the remote host', None, 10054, None))
2025-07-22 05:54:05,825 - ERROR - All 2 retries failed for product ID 25 (https://www.trendyol.com/xiaomi/router-ax1500-wifi-6-2-4ghz-5ghz-p-854126763?boutiqueId=681310&merchantId=968&v=1.27.2&utm_campaign=DonanimHaber&utm_medium=referral&utm_source=DonanimHaber).
2025-07-22 05:55:41,949 - ERROR - All 2 retries failed for product ID 27 (https://www.trendyol.com/grillmate/gm60-katlanir-ayakli-ve-dokum-izgarali-mangal-p-804298355).
2025-07-22 05:56:00,265 - ERROR - Timeout occurred for https://www.hepsiburada.com/sonoff-mini-r4-matter-akilli-role-p-HBCV00005TO34S
2025-07-22 05:58:37,682 - ERROR - Connection error for https://www.hepsiburada.com/yatsan-one-by-tempur-20-cm-yatak-p-HBCV00000GSHTW: HTTPSConnectionPool(host='www.hepsiburada.com', port=443): Max retries exceeded with url: /yatsan-one-by-tempur-20-cm-yatak-p-HBCV00000GSHTW (Caused by NameResolutionError("<urllib3.connection.HTTPSConnection object at 0x000002161C450190>: Failed to resolve 'www.hepsiburada.com' ([Errno 11001] getaddrinfo failed)"))
2025-07-22 06:00:25,088 - ERROR - SELENIUM: Beklenmedik bir hata oluştu: Could not reach host. Are you offline?
Traceback (most recent call last):
  File "C:\Users\Harun\PycharmProjects\amazonpricealertTelegramBot\.venv\Lib\site-packages\urllib3\connectionpool.py", line 787, in urlopen
    response = self._make_request(
        conn,
    ...<10 lines>...
        **response_kw,
    )
  File "C:\Users\Harun\PycharmProjects\amazonpricealertTelegramBot\.venv\Lib\site-packages\urllib3\connectionpool.py", line 488, in _make_request
    raise new_e
  File "C:\Users\Harun\PycharmProjects\amazonpricealertTelegramBot\.venv\Lib\site-packages\urllib3\connectionpool.py", line 464, in _make_request
    self._validate_conn(conn)
    ~~~~~~~~~~~~~~~~~~~^^^^^^
  File "C:\Users\Harun\PycharmProjects\amazonpricealertTelegramBot\.venv\Lib\site-packages\urllib3\connectionpool.py", line 1093, in _validate_conn
    conn.connect()
    ~~~~~~~~~~~~^^
  File "C:\Users\Harun\PycharmProjects\amazonpricealertTelegramBot\.venv\Lib\site-packages\urllib3\connection.py", line 741, in connect
    sock_and_verified = _ssl_wrap_socket_and_match_hostname(
        sock=sock,
    ...<14 lines>...
        assert_fingerprint=self.assert_fingerprint,
    )
  File "C:\Users\Harun\PycharmProjects\amazonpricealertTelegramBot\.venv\Lib\site-packages\urllib3\connection.py", line 920, in _ssl_wrap_socket_and_match_hostname
    ssl_sock = ssl_wrap_socket(
        sock=sock,
    ...<8 lines>...
        tls_in_tls=tls_in_tls,
    )
  File "C:\Users\Harun\PycharmProjects\amazonpricealertTelegramBot\.venv\Lib\site-packages\urllib3\util\ssl_.py", line 480, in ssl_wrap_socket
    ssl_sock = _ssl_wrap_socket_impl(sock, context, tls_in_tls, server_hostname)
  File "C:\Users\Harun\PycharmProjects\amazonpricealertTelegramBot\.venv\Lib\site-packages\urllib3\util\ssl_.py", line 524, in _ssl_wrap_socket_impl
    return ssl_context.wrap_socket(sock, server_hostname=server_hostname)
           ~~~~~~~~~~~~~~~~~~~~~~~^^^^^^^^^^^^^^^^^^^^^^^^^^^^^^^^^^^^^^^
  File "C:\Users\Harun\AppData\Local\Programs\Python\Python313\Lib\ssl.py", line 455, in wrap_socket
    return self.sslsocket_class._create(
           ~~~~~~~~~~~~~~~~~~~~~~~~~~~~^
        sock=sock,
        ^^^^^^^^^^
    ...<5 lines>...
        session=session
        ^^^^^^^^^^^^^^^
    )
    ^
  File "C:\Users\Harun\AppData\Local\Programs\Python\Python313\Lib\ssl.py", line 1076, in _create
    self.do_handshake()
    ~~~~~~~~~~~~~~~~~^^
  File "C:\Users\Harun\AppData\Local\Programs\Python\Python313\Lib\ssl.py", line 1372, in do_handshake
    self._sslobj.do_handshake()
    ~~~~~~~~~~~~~~~~~~~~~~~~~^^
ConnectionResetError: [WinError 10054] An existing connection was forcibly closed by the remote host

During handling of the above exception, another exception occurred:

Traceback (most recent call last):
  File "C:\Users\Harun\PycharmProjects\amazonpricealertTelegramBot\.venv\Lib\site-packages\requests\adapters.py", line 486, in send
    resp = conn.urlopen(
        method=request.method,
    ...<9 lines>...
        chunked=chunked,
    )
  File "C:\Users\Harun\PycharmProjects\amazonpricealertTelegramBot\.venv\Lib\site-packages\urllib3\connectionpool.py", line 841, in urlopen
    retries = retries.increment(
        method, url, error=new_e, _pool=self, _stacktrace=sys.exc_info()[2]
    )
  File "C:\Users\Harun\PycharmProjects\amazonpricealertTelegramBot\.venv\Lib\site-packages\urllib3\util\retry.py", line 474, in increment
    raise reraise(type(error), error, _stacktrace)
          ~~~~~~~^^^^^^^^^^^^^^^^^^^^^^^^^^^^^^^^^
  File "C:\Users\Harun\PycharmProjects\amazonpricealertTelegramBot\.venv\Lib\site-packages\urllib3\util\util.py", line 38, in reraise
    raise value.with_traceback(tb)
  File "C:\Users\Harun\PycharmProjects\amazonpricealertTelegramBot\.venv\Lib\site-packages\urllib3\connectionpool.py", line 787, in urlopen
    response = self._make_request(
        conn,
    ...<10 lines>...
        **response_kw,
    )
  File "C:\Users\Harun\PycharmProjects\amazonpricealertTelegramBot\.venv\Lib\site-packages\urllib3\connectionpool.py", line 488, in _make_request
    raise new_e
  File "C:\Users\Harun\PycharmProjects\amazonpricealertTelegramBot\.venv\Lib\site-packages\urllib3\connectionpool.py", line 464, in _make_request
    self._validate_conn(conn)
    ~~~~~~~~~~~~~~~~~~~^^^^^^
  File "C:\Users\Harun\PycharmProjects\amazonpricealertTelegramBot\.venv\Lib\site-packages\urllib3\connectionpool.py", line 1093, in _validate_conn
    conn.connect()
    ~~~~~~~~~~~~^^
  File "C:\Users\Harun\PycharmProjects\amazonpricealertTelegramBot\.venv\Lib\site-packages\urllib3\connection.py", line 741, in connect
    sock_and_verified = _ssl_wrap_socket_and_match_hostname(
        sock=sock,
    ...<14 lines>...
        assert_fingerprint=self.assert_fingerprint,
    )
  File "C:\Users\Harun\PycharmProjects\amazonpricealertTelegramBot\.venv\Lib\site-packages\urllib3\connection.py", line 920, in _ssl_wrap_socket_and_match_hostname
    ssl_sock = ssl_wrap_socket(
        sock=sock,
    ...<8 lines>...
        tls_in_tls=tls_in_tls,
    )
  File "C:\Users\Harun\PycharmProjects\amazonpricealertTelegramBot\.venv\Lib\site-packages\urllib3\util\ssl_.py", line 480, in ssl_wrap_socket
    ssl_sock = _ssl_wrap_socket_impl(sock, context, tls_in_tls, server_hostname)
  File "C:\Users\Harun\PycharmProjects\amazonpricealertTelegramBot\.venv\Lib\site-packages\urllib3\util\ssl_.py", line 524, in _ssl_wrap_socket_impl
    return ssl_context.wrap_socket(sock, server_hostname=server_hostname)
           ~~~~~~~~~~~~~~~~~~~~~~~^^^^^^^^^^^^^^^^^^^^^^^^^^^^^^^^^^^^^^^
  File "C:\Users\Harun\AppData\Local\Programs\Python\Python313\Lib\ssl.py", line 455, in wrap_socket
    return self.sslsocket_class._create(
           ~~~~~~~~~~~~~~~~~~~~~~~~~~~~^
        sock=sock,
        ^^^^^^^^^^
    ...<5 lines>...
        session=session
        ^^^^^^^^^^^^^^^
    )
    ^
  File "C:\Users\Harun\AppData\Local\Programs\Python\Python313\Lib\ssl.py", line 1076, in _create
    self.do_handshake()
    ~~~~~~~~~~~~~~~~~^^
  File "C:\Users\Harun\AppData\Local\Programs\Python\Python313\Lib\ssl.py", line 1372, in do_handshake
    self._sslobj.do_handshake()
    ~~~~~~~~~~~~~~~~~~~~~~~~~^^
urllib3.exceptions.ProtocolError: ('Connection aborted.', ConnectionResetError(10054, 'An existing connection was forcibly closed by the remote host', None, 10054, None))

During handling of the above exception, another exception occurred:

Traceback (most recent call last):
  File "C:\Users\Harun\PycharmProjects\amazonpricealertTelegramBot\.venv\Lib\site-packages\webdriver_manager\core\http.py", line 32, in get
    resp = requests.get(
        url=url, verify=self._ssl_verify, stream=True, **kwargs)
  File "C:\Users\Harun\PycharmProjects\amazonpricealertTelegramBot\.venv\Lib\site-packages\requests\api.py", line 73, in get
    return request("get", url, params=params, **kwargs)
  File "C:\Users\Harun\PycharmProjects\amazonpricealertTelegramBot\.venv\Lib\site-packages\requests\api.py", line 59, in request
    return session.request(method=method, url=url, **kwargs)
           ~~~~~~~~~~~~~~~^^^^^^^^^^^^^^^^^^^^^^^^^^^^^^^^^^
  File "C:\Users\Harun\PycharmProjects\amazonpricealertTelegramBot\.venv\Lib\site-packages\requests\sessions.py", line 589, in request
    resp = self.send(prep, **send_kwargs)
  File "C:\Users\Harun\PycharmProjects\amazonpricealertTelegramBot\.venv\Lib\site-packages\requests\sessions.py", line 703, in send
    r = adapter.send(request, **kwargs)
  File "C:\Users\Harun\PycharmProjects\amazonpricealertTelegramBot\.venv\Lib\site-packages\requests\adapters.py", line 501, in send
    raise ConnectionError(err, request=request)
requests.exceptions.ConnectionError: ('Connection aborted.', ConnectionResetError(10054, 'An existing connection was forcibly closed by the remote host', None, 10054, None))

During handling of the above exception, another exception occurred:

Traceback (most recent call last):
  File "C:\Users\Harun\PycharmProjects\amazonpricealertTelegramBot\amazon.price.alert.py", line 141, in get_hepsiburada_price_with_selenium
    service = Service(ChromeDriverManager().install())
                      ~~~~~~~~~~~~~~~~~~~~~~~~~~~~~^^
  File "C:\Users\Harun\PycharmProjects\amazonpricealertTelegramBot\.venv\Lib\site-packages\webdriver_manager\chrome.py", line 40, in install
    driver_path = self._get_driver_binary_path(self.driver)
  File "C:\Users\Harun\PycharmProjects\amazonpricealertTelegramBot\.venv\Lib\site-packages\webdriver_manager\core\manager.py", line 35, in _get_driver_binary_path
    binary_path = self._cache_manager.find_driver(driver)
  File "C:\Users\Harun\PycharmProjects\amazonpricealertTelegramBot\.venv\Lib\site-packages\webdriver_manager\core\driver_cache.py", line 107, in find_driver
    driver_version = self.get_cache_key_driver_version(driver)
  File "C:\Users\Harun\PycharmProjects\amazonpricealertTelegramBot\.venv\Lib\site-packages\webdriver_manager\core\driver_cache.py", line 154, in get_cache_key_driver_version
    return driver.get_driver_version_to_download()
           ~~~~~~~~~~~~~~~~~~~~~~~~~~~~~~~~~~~~~^^
  File "C:\Users\Harun\PycharmProjects\amazonpricealertTelegramBot\.venv\Lib\site-packages\webdriver_manager\core\driver.py", line 48, in get_driver_version_to_download
    return self.get_latest_release_version()
           ~~~~~~~~~~~~~~~~~~~~~~~~~~~~~~~^^
  File "C:\Users\Harun\PycharmProjects\amazonpricealertTelegramBot\.venv\Lib\site-packages\webdriver_manager\drivers\chrome.py", line 59, in get_latest_release_version
    response = self._http_client.get(url)
  File "C:\Users\Harun\PycharmProjects\amazonpricealertTelegramBot\.venv\Lib\site-packages\webdriver_manager\core\http.py", line 35, in get
    raise exceptions.ConnectionError(f"Could not reach host. Are you offline?")
requests.exceptions.ConnectionError: Could not reach host. Are you offline?
2025-07-22 06:00:56,507 - ERROR - Timeout occurred for https://www.hepsiburada.com/yatsan-one-by-tempur-20-cm-yatak-p-HBCV00000GSHTW
2025-07-22 06:01:54,003 - ERROR - SELENIUM: Beklenmedik bir hata oluştu: Unterminated string starting at: line 2 column 1375198 (char 1375198)
Traceback (most recent call last):
  File "C:\Users\Harun\PycharmProjects\amazonpricealertTelegramBot\amazon.price.alert.py", line 168, in get_hepsiburada_price_with_selenium
    data = json.loads(redux_script.string)
  File "C:\Users\Harun\AppData\Local\Programs\Python\Python313\Lib\json\__init__.py", line 346, in loads
    return _default_decoder.decode(s)
           ~~~~~~~~~~~~~~~~~~~~~~~^^^
  File "C:\Users\Harun\AppData\Local\Programs\Python\Python313\Lib\json\decoder.py", line 344, in decode
    obj, end = self.raw_decode(s, idx=_w(s, 0).end())
               ~~~~~~~~~~~~~~~^^^^^^^^^^^^^^^^^^^^^^^
  File "C:\Users\Harun\AppData\Local\Programs\Python\Python313\Lib\json\decoder.py", line 360, in raw_decode
    obj, end = self.scan_once(s, idx)
               ~~~~~~~~~~~~~~^^^^^^^^
json.decoder.JSONDecodeError: Unterminated string starting at: line 2 column 1375198 (char 1375198)
2025-07-22 06:02:14,429 - ERROR - All 2 retries failed for product ID 29 (https://www.hepsiburada.com/yatsan-one-by-tempur-20-cm-yatak-p-HBCV00000GSHTW).
2025-07-22 06:02:31,763 - ERROR - Timeout occurred for https://www.hepsiburada.com/dji-osmo-action-5-pro-standard-aksiyon-kamera-p-HBCV000079UXT4
2025-07-22 06:04:26,852 - ERROR - Timeout occurred for https://www.hepsiburada.com/grillmate-gm60-ka-dokum-izgarali-katlanir-ayakli-mangal-pm-HBC00006RKVXF
2025-07-22 06:09:39,568 - ERROR - SELENIUM: Beklenmedik bir hata oluştu: Message: timeout: Timed out receiving message from renderer: 290.862
  (Session info: chrome=138.0.7204.102)
Stacktrace:
	GetHandleVerifier [0x0xe01a33+62339]
	GetHandleVerifier [0x0xe01a74+62404]
	(No symbol) [0x0xc42123]
	(No symbol) [0x0xc32e7b]
	(No symbol) [0x0xc32bb1]
	(No symbol) [0x0xc30b54]
	(No symbol) [0x0xc3161d]
	(No symbol) [0x0xc3ddb9]
	(No symbol) [0x0xc4f285]
	(No symbol) [0x0xc54cc6]
	(No symbol) [0x0xc31c5d]
	(No symbol) [0x0xc4efe9]
	(No symbol) [0x0xcd0a85]
	(No symbol) [0x0xcaf1b6]
	(No symbol) [0x0xc7e7a2]
	(No symbol) [0x0xc7f644]
	GetHandleVerifier [0x0x10765c3+2637587]
	GetHandleVerifier [0x0x10719ca+2618138]
	GetHandleVerifier [0x0xe284aa+220666]
	GetHandleVerifier [0x0xe188d8+156200]
	GetHandleVerifier [0x0xe1f06d+182717]
	GetHandleVerifier [0x0xe09978+94920]
	GetHandleVerifier [0x0xe09b02+95314]
	GetHandleVerifier [0x0xdf4c4a+9626]
	BaseThreadInitThunk [0x0x74fa5d49+25]
	RtlInitializeExceptionChain [0x0x7739cf0b+107]
	RtlGetAppContainerNamedObjectPath [0x0x7739ce91+561]
Traceback (most recent call last):
  File "C:\Users\Harun\PycharmProjects\amazonpricealertTelegramBot\amazon.price.alert.py", line 153, in get_hepsiburada_price_with_selenium
    driver.get(url)
    ~~~~~~~~~~^^^^^
  File "C:\Users\Harun\PycharmProjects\amazonpricealertTelegramBot\.venv\Lib\site-packages\selenium\webdriver\remote\webdriver.py", line 353, in get
    self.execute(Command.GET, {"url": url})
    ~~~~~~~~~~~~^^^^^^^^^^^^^^^^^^^^^^^^^^^
  File "C:\Users\Harun\PycharmProjects\amazonpricealertTelegramBot\.venv\Lib\site-packages\selenium\webdriver\remote\webdriver.py", line 344, in execute
    self.error_handler.check_response(response)
    ~~~~~~~~~~~~~~~~~~~~~~~~~~~~~~~~~^^^^^^^^^^
  File "C:\Users\Harun\PycharmProjects\amazonpricealertTelegramBot\.venv\Lib\site-packages\selenium\webdriver\remote\errorhandler.py", line 229, in check_response
    raise exception_class(message, screen, stacktrace)
selenium.common.exceptions.TimeoutException: Message: timeout: Timed out receiving message from renderer: 290.862
  (Session info: chrome=138.0.7204.102)
Stacktrace:
	GetHandleVerifier [0x0xe01a33+62339]
	GetHandleVerifier [0x0xe01a74+62404]
	(No symbol) [0x0xc42123]
	(No symbol) [0x0xc32e7b]
	(No symbol) [0x0xc32bb1]
	(No symbol) [0x0xc30b54]
	(No symbol) [0x0xc3161d]
	(No symbol) [0x0xc3ddb9]
	(No symbol) [0x0xc4f285]
	(No symbol) [0x0xc54cc6]
	(No symbol) [0x0xc31c5d]
	(No symbol) [0x0xc4efe9]
	(No symbol) [0x0xcd0a85]
	(No symbol) [0x0xcaf1b6]
	(No symbol) [0x0xc7e7a2]
	(No symbol) [0x0xc7f644]
	GetHandleVerifier [0x0x10765c3+2637587]
	GetHandleVerifier [0x0x10719ca+2618138]
	GetHandleVerifier [0x0xe284aa+220666]
	GetHandleVerifier [0x0xe188d8+156200]
	GetHandleVerifier [0x0xe1f06d+182717]
	GetHandleVerifier [0x0xe09978+94920]
	GetHandleVerifier [0x0xe09b02+95314]
	GetHandleVerifier [0x0xdf4c4a+9626]
	BaseThreadInitThunk [0x0x74fa5d49+25]
	RtlInitializeExceptionChain [0x0x7739cf0b+107]
	RtlGetAppContainerNamedObjectPath [0x0x7739ce91+561]

2025-07-22 06:10:31,369 - ERROR - Timeout occurred for https://www.hepsiburada.com/grillmate-gm60-ka-dokum-izgarali-katlanir-ayakli-mangal-pm-HBC00006RKVXF
2025-07-22 06:11:51,504 - ERROR - SELENIUM: Beklenmedik bir hata oluştu: Message: 
Stacktrace:
	GetHandleVerifier [0x0xe01a33+62339]
	GetHandleVerifier [0x0xe01a74+62404]
	(No symbol) [0x0xc42123]
	(No symbol) [0x0xc8a86e]
	(No symbol) [0x0xc8ac0b]
	(No symbol) [0x0xcd2f72]
	(No symbol) [0x0xcaf404]
	(No symbol) [0x0xcd07a3]
	(No symbol) [0x0xcaf1b6]
	(No symbol) [0x0xc7e7a2]
	(No symbol) [0x0xc7f644]
	GetHandleVerifier [0x0x10765c3+2637587]
	GetHandleVerifier [0x0x10719ca+2618138]
	GetHandleVerifier [0x0xe284aa+220666]
	GetHandleVerifier [0x0xe188d8+156200]
	GetHandleVerifier [0x0xe1f06d+182717]
	GetHandleVerifier [0x0xe09978+94920]
	GetHandleVerifier [0x0xe09b02+95314]
	GetHandleVerifier [0x0xdf4c4a+9626]
	BaseThreadInitThunk [0x0x74fa5d49+25]
	RtlInitializeExceptionChain [0x0x7739cf0b+107]
	RtlGetAppContainerNamedObjectPath [0x0x7739ce91+561]
Traceback (most recent call last):
  File "C:\Users\Harun\PycharmProjects\amazonpricealertTelegramBot\amazon.price.alert.py", line 155, in get_hepsiburada_price_with_selenium
    WebDriverWait(driver, 20).until(EC.presence_of_element_located((By.ID, 'reduxStore')))
    ~~~~~~~~~~~~~~~~~~~~~~~~~~~~~~~^^^^^^^^^^^^^^^^^^^^^^^^^^^^^^^^^^^^^^^^^^^^^^^^^^^^^^^
  File "C:\Users\Harun\PycharmProjects\amazonpricealertTelegramBot\.venv\Lib\site-packages\selenium\webdriver\support\wait.py", line 95, in until
    raise TimeoutException(message, screen, stacktrace)
selenium.common.exceptions.TimeoutException: Message: 
Stacktrace:
	GetHandleVerifier [0x0xe01a33+62339]
	GetHandleVerifier [0x0xe01a74+62404]
	(No symbol) [0x0xc42123]
	(No symbol) [0x0xc8a86e]
	(No symbol) [0x0xc8ac0b]
	(No symbol) [0x0xcd2f72]
	(No symbol) [0x0xcaf404]
	(No symbol) [0x0xcd07a3]
	(No symbol) [0x0xcaf1b6]
	(No symbol) [0x0xc7e7a2]
	(No symbol) [0x0xc7f644]
	GetHandleVerifier [0x0x10765c3+2637587]
	GetHandleVerifier [0x0x10719ca+2618138]
	GetHandleVerifier [0x0xe284aa+220666]
	GetHandleVerifier [0x0xe188d8+156200]
	GetHandleVerifier [0x0xe1f06d+182717]
	GetHandleVerifier [0x0xe09978+94920]
	GetHandleVerifier [0x0xe09b02+95314]
	GetHandleVerifier [0x0xdf4c4a+9626]
	BaseThreadInitThunk [0x0x74fa5d49+25]
	RtlInitializeExceptionChain [0x0x7739cf0b+107]
	RtlGetAppContainerNamedObjectPath [0x0x7739ce91+561]

2025-07-22 06:12:11,929 - ERROR - All 2 retries failed for product ID 31 (https://www.hepsiburada.com/grillmate-gm60-ka-dokum-izgarali-katlanir-ayakli-mangal-pm-HBC00006RKVXF).
2025-07-22 06:13:27,293 - ERROR - Connection error for https://www.trendyol.com/hoover/hle-c10dg-17-10-kg-nfc-baglantili-kurutma-makinesi-p-216657679: ('Connection aborted.', ConnectionResetError(10054, 'An existing connection was forcibly closed by the remote host', None, 10054, None))
2025-07-22 06:13:41,545 - ERROR - All 2 retries failed for product ID 32 (https://www.trendyol.com/hoover/hle-c10dg-17-10-kg-nfc-baglantili-kurutma-makinesi-p-216657679).
2025-07-22 06:14:04,090 - ERROR - Timeout occurred for https://www.trendyol.com/neutron/akilli-wi-fi-destekli-4-lu-akim-korumali-priz-p-347127121?boutiqueId=61&merchantId=107514&adjust_t=mk12x3o_m4o2h83&adjust_tracker_limit=999999999&utm_campaign=347127121&adjust_campaign=product_free_20256239_TR&adjust_creative=347127121&adjust_adgroup=10629080&utm_term=10629080&link_contentid=347127121&utm_source=share&utm_medium=product_free&link_userID=10629080
2025-07-22 06:14:40,957 - ERROR - All 2 retries failed for product ID 33 (https://www.trendyol.com/neutron/akilli-wi-fi-destekli-4-lu-akim-korumali-priz-p-347127121?boutiqueId=61&merchantId=107514&adjust_t=mk12x3o_m4o2h83&adjust_tracker_limit=999999999&utm_campaign=347127121&adjust_campaign=product_free_20256239_TR&adjust_creative=347127121&adjust_adgroup=10629080&utm_term=10629080&link_contentid=347127121&utm_source=share&utm_medium=product_free&link_userID=10629080).
2025-07-22 06:17:16,939 - ERROR - All 2 retries failed for product ID 35 (https://www.mediamarkt.com.tr/tr/product/_meross-matter-akilli-priz-beyaz-1247481.html).
2025-07-22 06:18:08,809 - ERROR - All 2 retries failed for product ID 36 (https://www.trendyol.com/sword/wi-fi-akilli-priz-30w-type-c-akim-korumali-3-lu-priz-3-usb-uzaktan-kontrol-ve-zaman-ayarli-sw-3pu1c-p-698472817?boutiqueId=61&merchantId=405920).
2025-07-22 06:18:26,420 - ERROR - Timeout occurred for https://www.hepsiburada.com/yatas-black-ice-yayli-yatak-black-ice-visco-yastik-hediyeli-p-HBCV00008OYJ3Z
2025-07-22 06:22:16,691 - ERROR - Connection error for https://www.amazon.com.tr/dp/B0DQLL7HWR?pbs=go&tag=onual_firsat-35901-21: ('Connection aborted.', ConnectionResetError(10054, 'An existing connection was forcibly closed by the remote host', None, 10054, None))
2025-07-22 06:34:29,869 - ERROR - Connection error for https://www.amazon.com.tr/dp/B007WQJSZI/?coliid=I11F441CU6YGK1&colid=23A34QHGOQ5YA&ref_=list_c_wl_lv_ov_lig_dp_it&th=1&psc=1: ('Connection aborted.', ConnectionResetError(10054, 'An existing connection was forcibly closed by the remote host', None, 10054, None))
2025-07-22 06:39:29,815 - ERROR - Error occurred while sending notification: Timed out
2025-07-22 06:42:09,214 - ERROR - Connection error for https://www.amazon.com.tr/dp/B0D6RHDY5B?ref=cm_sw_r_cso_cp_apin_dp_4M5335VJYFTS8KVXQSKJ&ref_=cm_sw_r_cso_cp_apin_dp_4M5335VJYFTS8KVXQSKJ&social_share=cm_sw_r_cso_cp_apin_dp_4M5335VJYFTS8KVXQSKJ&previewDoh=1: ('Connection aborted.', ConnectionResetError(10054, 'An existing connection was forcibly closed by the remote host', None, 10054, None))
2025-07-22 06:45:25,217 - ERROR - Connection error for https://www.trendyol.com/bissell/spinwave-cordless-kablosuz-zemin-silme-makinesi-p-125828676?boutiqueId=61: ('Connection aborted.', ConnectionResetError(10054, 'An existing connection was forcibly closed by the remote host', None, 10054, None))
2025-07-22 06:46:01,550 - ERROR - All 2 retries failed for product ID 21 (https://www.trendyol.com/bissell/spinwave-cordless-kablosuz-zemin-silme-makinesi-p-125828676?boutiqueId=61).
2025-07-22 06:47:42,069 - ERROR - Connection error for https://www.trendyol.com/xiaomi/router-ax1500-wifi-6-2-4ghz-5ghz-p-854126763?boutiqueId=681310&merchantId=968&v=1.27.2&utm_campaign=DonanimHaber&utm_medium=referral&utm_source=DonanimHaber: ('Connection aborted.', ConnectionResetError(10054, 'An existing connection was forcibly closed by the remote host', None, 10054, None))
2025-07-22 06:48:28,456 - ERROR - All 2 retries failed for product ID 25 (https://www.trendyol.com/xiaomi/router-ax1500-wifi-6-2-4ghz-5ghz-p-854126763?boutiqueId=681310&merchantId=968&v=1.27.2&utm_campaign=DonanimHaber&utm_medium=referral&utm_source=DonanimHaber).
2025-07-22 06:49:38,591 - ERROR - Timeout occurred for https://www.trendyol.com/grillmate/gm60-katlanir-ayakli-ve-dokum-izgarali-mangal-p-804298355
2025-07-22 06:50:20,961 - ERROR - All 2 retries failed for product ID 27 (https://www.trendyol.com/grillmate/gm60-katlanir-ayakli-ve-dokum-izgarali-mangal-p-804298355).
2025-07-22 06:50:40,266 - ERROR - Timeout occurred for https://www.hepsiburada.com/sonoff-mini-r4-matter-akilli-role-p-HBCV00005TO34S
2025-07-22 06:53:37,495 - ERROR - SELENIUM: Beklenmedik bir hata oluştu: HTTPSConnectionPool(host='googlechromelabs.github.io', port=443): Read timed out. (read timeout=None)
Traceback (most recent call last):
  File "C:\Users\Harun\PycharmProjects\amazonpricealertTelegramBot\.venv\Lib\site-packages\urllib3\connectionpool.py", line 464, in _make_request
    self._validate_conn(conn)
    ~~~~~~~~~~~~~~~~~~~^^^^^^
  File "C:\Users\Harun\PycharmProjects\amazonpricealertTelegramBot\.venv\Lib\site-packages\urllib3\connectionpool.py", line 1093, in _validate_conn
    conn.connect()
    ~~~~~~~~~~~~^^
  File "C:\Users\Harun\PycharmProjects\amazonpricealertTelegramBot\.venv\Lib\site-packages\urllib3\connection.py", line 741, in connect
    sock_and_verified = _ssl_wrap_socket_and_match_hostname(
        sock=sock,
    ...<14 lines>...
        assert_fingerprint=self.assert_fingerprint,
    )
  File "C:\Users\Harun\PycharmProjects\amazonpricealertTelegramBot\.venv\Lib\site-packages\urllib3\connection.py", line 920, in _ssl_wrap_socket_and_match_hostname
    ssl_sock = ssl_wrap_socket(
        sock=sock,
    ...<8 lines>...
        tls_in_tls=tls_in_tls,
    )
  File "C:\Users\Harun\PycharmProjects\amazonpricealertTelegramBot\.venv\Lib\site-packages\urllib3\util\ssl_.py", line 480, in ssl_wrap_socket
    ssl_sock = _ssl_wrap_socket_impl(sock, context, tls_in_tls, server_hostname)
  File "C:\Users\Harun\PycharmProjects\amazonpricealertTelegramBot\.venv\Lib\site-packages\urllib3\util\ssl_.py", line 524, in _ssl_wrap_socket_impl
    return ssl_context.wrap_socket(sock, server_hostname=server_hostname)
           ~~~~~~~~~~~~~~~~~~~~~~~^^^^^^^^^^^^^^^^^^^^^^^^^^^^^^^^^^^^^^^
  File "C:\Users\Harun\AppData\Local\Programs\Python\Python313\Lib\ssl.py", line 455, in wrap_socket
    return self.sslsocket_class._create(
           ~~~~~~~~~~~~~~~~~~~~~~~~~~~~^
        sock=sock,
        ^^^^^^^^^^
    ...<5 lines>...
        session=session
        ^^^^^^^^^^^^^^^
    )
    ^
  File "C:\Users\Harun\AppData\Local\Programs\Python\Python313\Lib\ssl.py", line 1076, in _create
    self.do_handshake()
    ~~~~~~~~~~~~~~~~~^^
  File "C:\Users\Harun\AppData\Local\Programs\Python\Python313\Lib\ssl.py", line 1372, in do_handshake
    self._sslobj.do_handshake()
    ~~~~~~~~~~~~~~~~~~~~~~~~~^^
TimeoutError: [WinError 10060] A connection attempt failed because the connected party did not properly respond after a period of time, or established connection failed because connected host has failed to respond

The above exception was the direct cause of the following exception:

Traceback (most recent call last):
  File "C:\Users\Harun\PycharmProjects\amazonpricealertTelegramBot\.venv\Lib\site-packages\requests\adapters.py", line 486, in send
    resp = conn.urlopen(
        method=request.method,
    ...<9 lines>...
        chunked=chunked,
    )
  File "C:\Users\Harun\PycharmProjects\amazonpricealertTelegramBot\.venv\Lib\site-packages\urllib3\connectionpool.py", line 841, in urlopen
    retries = retries.increment(
        method, url, error=new_e, _pool=self, _stacktrace=sys.exc_info()[2]
    )
  File "C:\Users\Harun\PycharmProjects\amazonpricealertTelegramBot\.venv\Lib\site-packages\urllib3\util\retry.py", line 474, in increment
    raise reraise(type(error), error, _stacktrace)
          ~~~~~~~^^^^^^^^^^^^^^^^^^^^^^^^^^^^^^^^^
  File "C:\Users\Harun\PycharmProjects\amazonpricealertTelegramBot\.venv\Lib\site-packages\urllib3\util\util.py", line 39, in reraise
    raise value
  File "C:\Users\Harun\PycharmProjects\amazonpricealertTelegramBot\.venv\Lib\site-packages\urllib3\connectionpool.py", line 787, in urlopen
    response = self._make_request(
        conn,
    ...<10 lines>...
        **response_kw,
    )
  File "C:\Users\Harun\PycharmProjects\amazonpricealertTelegramBot\.venv\Lib\site-packages\urllib3\connectionpool.py", line 488, in _make_request
    raise new_e
  File "C:\Users\Harun\PycharmProjects\amazonpricealertTelegramBot\.venv\Lib\site-packages\urllib3\connectionpool.py", line 466, in _make_request
    self._raise_timeout(err=e, url=url, timeout_value=conn.timeout)
    ~~~~~~~~~~~~~~~~~~~^^^^^^^^^^^^^^^^^^^^^^^^^^^^^^^^^^^^^^^^^^^^
  File "C:\Users\Harun\PycharmProjects\amazonpricealertTelegramBot\.venv\Lib\site-packages\urllib3\connectionpool.py", line 367, in _raise_timeout
    raise ReadTimeoutError(
        self, url, f"Read timed out. (read timeout={timeout_value})"
    ) from err
urllib3.exceptions.ReadTimeoutError: HTTPSConnectionPool(host='googlechromelabs.github.io', port=443): Read timed out. (read timeout=None)

During handling of the above exception, another exception occurred:

Traceback (most recent call last):
  File "C:\Users\Harun\PycharmProjects\amazonpricealertTelegramBot\amazon.price.alert.py", line 141, in get_hepsiburada_price_with_selenium
    service = Service(ChromeDriverManager().install())
                      ~~~~~~~~~~~~~~~~~~~~~~~~~~~~~^^
  File "C:\Users\Harun\PycharmProjects\amazonpricealertTelegramBot\.venv\Lib\site-packages\webdriver_manager\chrome.py", line 40, in install
    driver_path = self._get_driver_binary_path(self.driver)
  File "C:\Users\Harun\PycharmProjects\amazonpricealertTelegramBot\.venv\Lib\site-packages\webdriver_manager\core\manager.py", line 35, in _get_driver_binary_path
    binary_path = self._cache_manager.find_driver(driver)
  File "C:\Users\Harun\PycharmProjects\amazonpricealertTelegramBot\.venv\Lib\site-packages\webdriver_manager\core\driver_cache.py", line 110, in find_driver
    key = self.__get_metadata_key(driver)
  File "C:\Users\Harun\PycharmProjects\amazonpricealertTelegramBot\.venv\Lib\site-packages\webdriver_manager\core\driver_cache.py", line 144, in __get_metadata_key
    driver_version = self.get_cache_key_driver_version(driver)
  File "C:\Users\Harun\PycharmProjects\amazonpricealertTelegramBot\.venv\Lib\site-packages\webdriver_manager\core\driver_cache.py", line 154, in get_cache_key_driver_version
    return driver.get_driver_version_to_download()
           ~~~~~~~~~~~~~~~~~~~~~~~~~~~~~~~~~~~~~^^
  File "C:\Users\Harun\PycharmProjects\amazonpricealertTelegramBot\.venv\Lib\site-packages\webdriver_manager\core\driver.py", line 48, in get_driver_version_to_download
    return self.get_latest_release_version()
           ~~~~~~~~~~~~~~~~~~~~~~~~~~~~~~~^^
  File "C:\Users\Harun\PycharmProjects\amazonpricealertTelegramBot\.venv\Lib\site-packages\webdriver_manager\drivers\chrome.py", line 59, in get_latest_release_version
    response = self._http_client.get(url)
  File "C:\Users\Harun\PycharmProjects\amazonpricealertTelegramBot\.venv\Lib\site-packages\webdriver_manager\core\http.py", line 32, in get
    resp = requests.get(
        url=url, verify=self._ssl_verify, stream=True, **kwargs)
  File "C:\Users\Harun\PycharmProjects\amazonpricealertTelegramBot\.venv\Lib\site-packages\requests\api.py", line 73, in get
    return request("get", url, params=params, **kwargs)
  File "C:\Users\Harun\PycharmProjects\amazonpricealertTelegramBot\.venv\Lib\site-packages\requests\api.py", line 59, in request
    return session.request(method=method, url=url, **kwargs)
           ~~~~~~~~~~~~~~~^^^^^^^^^^^^^^^^^^^^^^^^^^^^^^^^^^
  File "C:\Users\Harun\PycharmProjects\amazonpricealertTelegramBot\.venv\Lib\site-packages\requests\sessions.py", line 589, in request
    resp = self.send(prep, **send_kwargs)
  File "C:\Users\Harun\PycharmProjects\amazonpricealertTelegramBot\.venv\Lib\site-packages\requests\sessions.py", line 703, in send
    r = adapter.send(request, **kwargs)
  File "C:\Users\Harun\PycharmProjects\amazonpricealertTelegramBot\.venv\Lib\site-packages\requests\adapters.py", line 532, in send
    raise ReadTimeout(e, request=request)
requests.exceptions.ReadTimeout: HTTPSConnectionPool(host='googlechromelabs.github.io', port=443): Read timed out. (read timeout=None)
2025-07-22 06:54:14,526 - ERROR - Timeout occurred for https://www.hepsiburada.com/sonoff-mini-r4-matter-akilli-role-p-HBCV00005TO34S
2025-07-22 06:54:31,091 - ERROR - SELENIUM: Beklenmedik bir hata oluştu: Could not reach host. Are you offline?
Traceback (most recent call last):
  File "C:\Users\Harun\PycharmProjects\amazonpricealertTelegramBot\.venv\Lib\site-packages\urllib3\connectionpool.py", line 787, in urlopen
    response = self._make_request(
        conn,
    ...<10 lines>...
        **response_kw,
    )
  File "C:\Users\Harun\PycharmProjects\amazonpricealertTelegramBot\.venv\Lib\site-packages\urllib3\connectionpool.py", line 488, in _make_request
    raise new_e
  File "C:\Users\Harun\PycharmProjects\amazonpricealertTelegramBot\.venv\Lib\site-packages\urllib3\connectionpool.py", line 464, in _make_request
    self._validate_conn(conn)
    ~~~~~~~~~~~~~~~~~~~^^^^^^
  File "C:\Users\Harun\PycharmProjects\amazonpricealertTelegramBot\.venv\Lib\site-packages\urllib3\connectionpool.py", line 1093, in _validate_conn
    conn.connect()
    ~~~~~~~~~~~~^^
  File "C:\Users\Harun\PycharmProjects\amazonpricealertTelegramBot\.venv\Lib\site-packages\urllib3\connection.py", line 741, in connect
    sock_and_verified = _ssl_wrap_socket_and_match_hostname(
        sock=sock,
    ...<14 lines>...
        assert_fingerprint=self.assert_fingerprint,
    )
  File "C:\Users\Harun\PycharmProjects\amazonpricealertTelegramBot\.venv\Lib\site-packages\urllib3\connection.py", line 920, in _ssl_wrap_socket_and_match_hostname
    ssl_sock = ssl_wrap_socket(
        sock=sock,
    ...<8 lines>...
        tls_in_tls=tls_in_tls,
    )
  File "C:\Users\Harun\PycharmProjects\amazonpricealertTelegramBot\.venv\Lib\site-packages\urllib3\util\ssl_.py", line 480, in ssl_wrap_socket
    ssl_sock = _ssl_wrap_socket_impl(sock, context, tls_in_tls, server_hostname)
  File "C:\Users\Harun\PycharmProjects\amazonpricealertTelegramBot\.venv\Lib\site-packages\urllib3\util\ssl_.py", line 524, in _ssl_wrap_socket_impl
    return ssl_context.wrap_socket(sock, server_hostname=server_hostname)
           ~~~~~~~~~~~~~~~~~~~~~~~^^^^^^^^^^^^^^^^^^^^^^^^^^^^^^^^^^^^^^^
  File "C:\Users\Harun\AppData\Local\Programs\Python\Python313\Lib\ssl.py", line 455, in wrap_socket
    return self.sslsocket_class._create(
           ~~~~~~~~~~~~~~~~~~~~~~~~~~~~^
        sock=sock,
        ^^^^^^^^^^
    ...<5 lines>...
        session=session
        ^^^^^^^^^^^^^^^
    )
    ^
  File "C:\Users\Harun\AppData\Local\Programs\Python\Python313\Lib\ssl.py", line 1076, in _create
    self.do_handshake()
    ~~~~~~~~~~~~~~~~~^^
  File "C:\Users\Harun\AppData\Local\Programs\Python\Python313\Lib\ssl.py", line 1372, in do_handshake
    self._sslobj.do_handshake()
    ~~~~~~~~~~~~~~~~~~~~~~~~~^^
ConnectionResetError: [WinError 10054] An existing connection was forcibly closed by the remote host

During handling of the above exception, another exception occurred:

Traceback (most recent call last):
  File "C:\Users\Harun\PycharmProjects\amazonpricealertTelegramBot\.venv\Lib\site-packages\requests\adapters.py", line 486, in send
    resp = conn.urlopen(
        method=request.method,
    ...<9 lines>...
        chunked=chunked,
    )
  File "C:\Users\Harun\PycharmProjects\amazonpricealertTelegramBot\.venv\Lib\site-packages\urllib3\connectionpool.py", line 841, in urlopen
    retries = retries.increment(
        method, url, error=new_e, _pool=self, _stacktrace=sys.exc_info()[2]
    )
  File "C:\Users\Harun\PycharmProjects\amazonpricealertTelegramBot\.venv\Lib\site-packages\urllib3\util\retry.py", line 474, in increment
    raise reraise(type(error), error, _stacktrace)
          ~~~~~~~^^^^^^^^^^^^^^^^^^^^^^^^^^^^^^^^^
  File "C:\Users\Harun\PycharmProjects\amazonpricealertTelegramBot\.venv\Lib\site-packages\urllib3\util\util.py", line 38, in reraise
    raise value.with_traceback(tb)
  File "C:\Users\Harun\PycharmProjects\amazonpricealertTelegramBot\.venv\Lib\site-packages\urllib3\connectionpool.py", line 787, in urlopen
    response = self._make_request(
        conn,
    ...<10 lines>...
        **response_kw,
    )
  File "C:\Users\Harun\PycharmProjects\amazonpricealertTelegramBot\.venv\Lib\site-packages\urllib3\connectionpool.py", line 488, in _make_request
    raise new_e
  File "C:\Users\Harun\PycharmProjects\amazonpricealertTelegramBot\.venv\Lib\site-packages\urllib3\connectionpool.py", line 464, in _make_request
    self._validate_conn(conn)
    ~~~~~~~~~~~~~~~~~~~^^^^^^
  File "C:\Users\Harun\PycharmProjects\amazonpricealertTelegramBot\.venv\Lib\site-packages\urllib3\connectionpool.py", line 1093, in _validate_conn
    conn.connect()
    ~~~~~~~~~~~~^^
  File "C:\Users\Harun\PycharmProjects\amazonpricealertTelegramBot\.venv\Lib\site-packages\urllib3\connection.py", line 741, in connect
    sock_and_verified = _ssl_wrap_socket_and_match_hostname(
        sock=sock,
    ...<14 lines>...
        assert_fingerprint=self.assert_fingerprint,
    )
  File "C:\Users\Harun\PycharmProjects\amazonpricealertTelegramBot\.venv\Lib\site-packages\urllib3\connection.py", line 920, in _ssl_wrap_socket_and_match_hostname
    ssl_sock = ssl_wrap_socket(
        sock=sock,
    ...<8 lines>...
        tls_in_tls=tls_in_tls,
    )
  File "C:\Users\Harun\PycharmProjects\amazonpricealertTelegramBot\.venv\Lib\site-packages\urllib3\util\ssl_.py", line 480, in ssl_wrap_socket
    ssl_sock = _ssl_wrap_socket_impl(sock, context, tls_in_tls, server_hostname)
  File "C:\Users\Harun\PycharmProjects\amazonpricealertTelegramBot\.venv\Lib\site-packages\urllib3\util\ssl_.py", line 524, in _ssl_wrap_socket_impl
    return ssl_context.wrap_socket(sock, server_hostname=server_hostname)
           ~~~~~~~~~~~~~~~~~~~~~~~^^^^^^^^^^^^^^^^^^^^^^^^^^^^^^^^^^^^^^^
  File "C:\Users\Harun\AppData\Local\Programs\Python\Python313\Lib\ssl.py", line 455, in wrap_socket
    return self.sslsocket_class._create(
           ~~~~~~~~~~~~~~~~~~~~~~~~~~~~^
        sock=sock,
        ^^^^^^^^^^
    ...<5 lines>...
        session=session
        ^^^^^^^^^^^^^^^
    )
    ^
  File "C:\Users\Harun\AppData\Local\Programs\Python\Python313\Lib\ssl.py", line 1076, in _create
    self.do_handshake()
    ~~~~~~~~~~~~~~~~~^^
  File "C:\Users\Harun\AppData\Local\Programs\Python\Python313\Lib\ssl.py", line 1372, in do_handshake
    self._sslobj.do_handshake()
    ~~~~~~~~~~~~~~~~~~~~~~~~~^^
urllib3.exceptions.ProtocolError: ('Connection aborted.', ConnectionResetError(10054, 'An existing connection was forcibly closed by the remote host', None, 10054, None))

During handling of the above exception, another exception occurred:

Traceback (most recent call last):
  File "C:\Users\Harun\PycharmProjects\amazonpricealertTelegramBot\.venv\Lib\site-packages\webdriver_manager\core\http.py", line 32, in get
    resp = requests.get(
        url=url, verify=self._ssl_verify, stream=True, **kwargs)
  File "C:\Users\Harun\PycharmProjects\amazonpricealertTelegramBot\.venv\Lib\site-packages\requests\api.py", line 73, in get
    return request("get", url, params=params, **kwargs)
  File "C:\Users\Harun\PycharmProjects\amazonpricealertTelegramBot\.venv\Lib\site-packages\requests\api.py", line 59, in request
    return session.request(method=method, url=url, **kwargs)
           ~~~~~~~~~~~~~~~^^^^^^^^^^^^^^^^^^^^^^^^^^^^^^^^^^
  File "C:\Users\Harun\PycharmProjects\amazonpricealertTelegramBot\.venv\Lib\site-packages\requests\sessions.py", line 589, in request
    resp = self.send(prep, **send_kwargs)
  File "C:\Users\Harun\PycharmProjects\amazonpricealertTelegramBot\.venv\Lib\site-packages\requests\sessions.py", line 703, in send
    r = adapter.send(request, **kwargs)
  File "C:\Users\Harun\PycharmProjects\amazonpricealertTelegramBot\.venv\Lib\site-packages\requests\adapters.py", line 501, in send
    raise ConnectionError(err, request=request)
requests.exceptions.ConnectionError: ('Connection aborted.', ConnectionResetError(10054, 'An existing connection was forcibly closed by the remote host', None, 10054, None))

During handling of the above exception, another exception occurred:

Traceback (most recent call last):
  File "C:\Users\Harun\PycharmProjects\amazonpricealertTelegramBot\amazon.price.alert.py", line 141, in get_hepsiburada_price_with_selenium
    service = Service(ChromeDriverManager().install())
                      ~~~~~~~~~~~~~~~~~~~~~~~~~~~~~^^
  File "C:\Users\Harun\PycharmProjects\amazonpricealertTelegramBot\.venv\Lib\site-packages\webdriver_manager\chrome.py", line 40, in install
    driver_path = self._get_driver_binary_path(self.driver)
  File "C:\Users\Harun\PycharmProjects\amazonpricealertTelegramBot\.venv\Lib\site-packages\webdriver_manager\core\manager.py", line 35, in _get_driver_binary_path
    binary_path = self._cache_manager.find_driver(driver)
  File "C:\Users\Harun\PycharmProjects\amazonpricealertTelegramBot\.venv\Lib\site-packages\webdriver_manager\core\driver_cache.py", line 110, in find_driver
    key = self.__get_metadata_key(driver)
  File "C:\Users\Harun\PycharmProjects\amazonpricealertTelegramBot\.venv\Lib\site-packages\webdriver_manager\core\driver_cache.py", line 144, in __get_metadata_key
    driver_version = self.get_cache_key_driver_version(driver)
  File "C:\Users\Harun\PycharmProjects\amazonpricealertTelegramBot\.venv\Lib\site-packages\webdriver_manager\core\driver_cache.py", line 154, in get_cache_key_driver_version
    return driver.get_driver_version_to_download()
           ~~~~~~~~~~~~~~~~~~~~~~~~~~~~~~~~~~~~~^^
  File "C:\Users\Harun\PycharmProjects\amazonpricealertTelegramBot\.venv\Lib\site-packages\webdriver_manager\core\driver.py", line 48, in get_driver_version_to_download
    return self.get_latest_release_version()
           ~~~~~~~~~~~~~~~~~~~~~~~~~~~~~~~^^
  File "C:\Users\Harun\PycharmProjects\amazonpricealertTelegramBot\.venv\Lib\site-packages\webdriver_manager\drivers\chrome.py", line 59, in get_latest_release_version
    response = self._http_client.get(url)
  File "C:\Users\Harun\PycharmProjects\amazonpricealertTelegramBot\.venv\Lib\site-packages\webdriver_manager\core\http.py", line 35, in get
    raise exceptions.ConnectionError(f"Could not reach host. Are you offline?")
requests.exceptions.ConnectionError: Could not reach host. Are you offline?
2025-07-22 06:54:45,347 - ERROR - All 2 retries failed for product ID 28 (https://www.hepsiburada.com/sonoff-mini-r4-matter-akilli-role-p-HBCV00005TO34S).
2025-07-22 06:54:59,810 - ERROR - Connection error for https://www.hepsiburada.com/yatsan-one-by-tempur-20-cm-yatak-p-HBCV00000GSHTW: ('Connection aborted.', ConnectionResetError(10054, 'An existing connection was forcibly closed by the remote host', None, 10054, None))
2025-07-22 06:56:52,846 - ERROR - SELENIUM: Beklenmedik bir hata oluştu: Could not reach host. Are you offline?
Traceback (most recent call last):
  File "C:\Users\Harun\PycharmProjects\amazonpricealertTelegramBot\.venv\Lib\site-packages\urllib3\connectionpool.py", line 787, in urlopen
    response = self._make_request(
        conn,
    ...<10 lines>...
        **response_kw,
    )
  File "C:\Users\Harun\PycharmProjects\amazonpricealertTelegramBot\.venv\Lib\site-packages\urllib3\connectionpool.py", line 488, in _make_request
    raise new_e
  File "C:\Users\Harun\PycharmProjects\amazonpricealertTelegramBot\.venv\Lib\site-packages\urllib3\connectionpool.py", line 464, in _make_request
    self._validate_conn(conn)
    ~~~~~~~~~~~~~~~~~~~^^^^^^
  File "C:\Users\Harun\PycharmProjects\amazonpricealertTelegramBot\.venv\Lib\site-packages\urllib3\connectionpool.py", line 1093, in _validate_conn
    conn.connect()
    ~~~~~~~~~~~~^^
  File "C:\Users\Harun\PycharmProjects\amazonpricealertTelegramBot\.venv\Lib\site-packages\urllib3\connection.py", line 741, in connect
    sock_and_verified = _ssl_wrap_socket_and_match_hostname(
        sock=sock,
    ...<14 lines>...
        assert_fingerprint=self.assert_fingerprint,
    )
  File "C:\Users\Harun\PycharmProjects\amazonpricealertTelegramBot\.venv\Lib\site-packages\urllib3\connection.py", line 920, in _ssl_wrap_socket_and_match_hostname
    ssl_sock = ssl_wrap_socket(
        sock=sock,
    ...<8 lines>...
        tls_in_tls=tls_in_tls,
    )
  File "C:\Users\Harun\PycharmProjects\amazonpricealertTelegramBot\.venv\Lib\site-packages\urllib3\util\ssl_.py", line 480, in ssl_wrap_socket
    ssl_sock = _ssl_wrap_socket_impl(sock, context, tls_in_tls, server_hostname)
  File "C:\Users\Harun\PycharmProjects\amazonpricealertTelegramBot\.venv\Lib\site-packages\urllib3\util\ssl_.py", line 524, in _ssl_wrap_socket_impl
    return ssl_context.wrap_socket(sock, server_hostname=server_hostname)
           ~~~~~~~~~~~~~~~~~~~~~~~^^^^^^^^^^^^^^^^^^^^^^^^^^^^^^^^^^^^^^^
  File "C:\Users\Harun\AppData\Local\Programs\Python\Python313\Lib\ssl.py", line 455, in wrap_socket
    return self.sslsocket_class._create(
           ~~~~~~~~~~~~~~~~~~~~~~~~~~~~^
        sock=sock,
        ^^^^^^^^^^
    ...<5 lines>...
        session=session
        ^^^^^^^^^^^^^^^
    )
    ^
  File "C:\Users\Harun\AppData\Local\Programs\Python\Python313\Lib\ssl.py", line 1076, in _create
    self.do_handshake()
    ~~~~~~~~~~~~~~~~~^^
  File "C:\Users\Harun\AppData\Local\Programs\Python\Python313\Lib\ssl.py", line 1372, in do_handshake
    self._sslobj.do_handshake()
    ~~~~~~~~~~~~~~~~~~~~~~~~~^^
ConnectionResetError: [WinError 10054] An existing connection was forcibly closed by the remote host

During handling of the above exception, another exception occurred:

Traceback (most recent call last):
  File "C:\Users\Harun\PycharmProjects\amazonpricealertTelegramBot\.venv\Lib\site-packages\requests\adapters.py", line 486, in send
    resp = conn.urlopen(
        method=request.method,
    ...<9 lines>...
        chunked=chunked,
    )
  File "C:\Users\Harun\PycharmProjects\amazonpricealertTelegramBot\.venv\Lib\site-packages\urllib3\connectionpool.py", line 841, in urlopen
    retries = retries.increment(
        method, url, error=new_e, _pool=self, _stacktrace=sys.exc_info()[2]
    )
  File "C:\Users\Harun\PycharmProjects\amazonpricealertTelegramBot\.venv\Lib\site-packages\urllib3\util\retry.py", line 474, in increment
    raise reraise(type(error), error, _stacktrace)
          ~~~~~~~^^^^^^^^^^^^^^^^^^^^^^^^^^^^^^^^^
  File "C:\Users\Harun\PycharmProjects\amazonpricealertTelegramBot\.venv\Lib\site-packages\urllib3\util\util.py", line 38, in reraise
    raise value.with_traceback(tb)
  File "C:\Users\Harun\PycharmProjects\amazonpricealertTelegramBot\.venv\Lib\site-packages\urllib3\connectionpool.py", line 787, in urlopen
    response = self._make_request(
        conn,
    ...<10 lines>...
        **response_kw,
    )
  File "C:\Users\Harun\PycharmProjects\amazonpricealertTelegramBot\.venv\Lib\site-packages\urllib3\connectionpool.py", line 488, in _make_request
    raise new_e
  File "C:\Users\Harun\PycharmProjects\amazonpricealertTelegramBot\.venv\Lib\site-packages\urllib3\connectionpool.py", line 464, in _make_request
    self._validate_conn(conn)
    ~~~~~~~~~~~~~~~~~~~^^^^^^
  File "C:\Users\Harun\PycharmProjects\amazonpricealertTelegramBot\.venv\Lib\site-packages\urllib3\connectionpool.py", line 1093, in _validate_conn
    conn.connect()
    ~~~~~~~~~~~~^^
  File "C:\Users\Harun\PycharmProjects\amazonpricealertTelegramBot\.venv\Lib\site-packages\urllib3\connection.py", line 741, in connect
    sock_and_verified = _ssl_wrap_socket_and_match_hostname(
        sock=sock,
    ...<14 lines>...
        assert_fingerprint=self.assert_fingerprint,
    )
  File "C:\Users\Harun\PycharmProjects\amazonpricealertTelegramBot\.venv\Lib\site-packages\urllib3\connection.py", line 920, in _ssl_wrap_socket_and_match_hostname
    ssl_sock = ssl_wrap_socket(
        sock=sock,
    ...<8 lines>...
        tls_in_tls=tls_in_tls,
    )
  File "C:\Users\Harun\PycharmProjects\amazonpricealertTelegramBot\.venv\Lib\site-packages\urllib3\util\ssl_.py", line 480, in ssl_wrap_socket
    ssl_sock = _ssl_wrap_socket_impl(sock, context, tls_in_tls, server_hostname)
  File "C:\Users\Harun\PycharmProjects\amazonpricealertTelegramBot\.venv\Lib\site-packages\urllib3\util\ssl_.py", line 524, in _ssl_wrap_socket_impl
    return ssl_context.wrap_socket(sock, server_hostname=server_hostname)
           ~~~~~~~~~~~~~~~~~~~~~~~^^^^^^^^^^^^^^^^^^^^^^^^^^^^^^^^^^^^^^^
  File "C:\Users\Harun\AppData\Local\Programs\Python\Python313\Lib\ssl.py", line 455, in wrap_socket
    return self.sslsocket_class._create(
           ~~~~~~~~~~~~~~~~~~~~~~~~~~~~^
        sock=sock,
        ^^^^^^^^^^
    ...<5 lines>...
        session=session
        ^^^^^^^^^^^^^^^
    )
    ^
  File "C:\Users\Harun\AppData\Local\Programs\Python\Python313\Lib\ssl.py", line 1076, in _create
    self.do_handshake()
    ~~~~~~~~~~~~~~~~~^^
  File "C:\Users\Harun\AppData\Local\Programs\Python\Python313\Lib\ssl.py", line 1372, in do_handshake
    self._sslobj.do_handshake()
    ~~~~~~~~~~~~~~~~~~~~~~~~~^^
urllib3.exceptions.ProtocolError: ('Connection aborted.', ConnectionResetError(10054, 'An existing connection was forcibly closed by the remote host', None, 10054, None))

During handling of the above exception, another exception occurred:

Traceback (most recent call last):
  File "C:\Users\Harun\PycharmProjects\amazonpricealertTelegramBot\.venv\Lib\site-packages\webdriver_manager\core\http.py", line 32, in get
    resp = requests.get(
        url=url, verify=self._ssl_verify, stream=True, **kwargs)
  File "C:\Users\Harun\PycharmProjects\amazonpricealertTelegramBot\.venv\Lib\site-packages\requests\api.py", line 73, in get
    return request("get", url, params=params, **kwargs)
  File "C:\Users\Harun\PycharmProjects\amazonpricealertTelegramBot\.venv\Lib\site-packages\requests\api.py", line 59, in request
    return session.request(method=method, url=url, **kwargs)
           ~~~~~~~~~~~~~~~^^^^^^^^^^^^^^^^^^^^^^^^^^^^^^^^^^
  File "C:\Users\Harun\PycharmProjects\amazonpricealertTelegramBot\.venv\Lib\site-packages\requests\sessions.py", line 589, in request
    resp = self.send(prep, **send_kwargs)
  File "C:\Users\Harun\PycharmProjects\amazonpricealertTelegramBot\.venv\Lib\site-packages\requests\sessions.py", line 703, in send
    r = adapter.send(request, **kwargs)
  File "C:\Users\Harun\PycharmProjects\amazonpricealertTelegramBot\.venv\Lib\site-packages\requests\adapters.py", line 501, in send
    raise ConnectionError(err, request=request)
requests.exceptions.ConnectionError: ('Connection aborted.', ConnectionResetError(10054, 'An existing connection was forcibly closed by the remote host', None, 10054, None))

During handling of the above exception, another exception occurred:

Traceback (most recent call last):
  File "C:\Users\Harun\PycharmProjects\amazonpricealertTelegramBot\amazon.price.alert.py", line 141, in get_hepsiburada_price_with_selenium
    service = Service(ChromeDriverManager().install())
                      ~~~~~~~~~~~~~~~~~~~~~~~~~~~~~^^
  File "C:\Users\Harun\PycharmProjects\amazonpricealertTelegramBot\.venv\Lib\site-packages\webdriver_manager\chrome.py", line 40, in install
    driver_path = self._get_driver_binary_path(self.driver)
  File "C:\Users\Harun\PycharmProjects\amazonpricealertTelegramBot\.venv\Lib\site-packages\webdriver_manager\core\manager.py", line 35, in _get_driver_binary_path
    binary_path = self._cache_manager.find_driver(driver)
  File "C:\Users\Harun\PycharmProjects\amazonpricealertTelegramBot\.venv\Lib\site-packages\webdriver_manager\core\driver_cache.py", line 107, in find_driver
    driver_version = self.get_cache_key_driver_version(driver)
  File "C:\Users\Harun\PycharmProjects\amazonpricealertTelegramBot\.venv\Lib\site-packages\webdriver_manager\core\driver_cache.py", line 154, in get_cache_key_driver_version
    return driver.get_driver_version_to_download()
           ~~~~~~~~~~~~~~~~~~~~~~~~~~~~~~~~~~~~~^^
  File "C:\Users\Harun\PycharmProjects\amazonpricealertTelegramBot\.venv\Lib\site-packages\webdriver_manager\core\driver.py", line 48, in get_driver_version_to_download
    return self.get_latest_release_version()
           ~~~~~~~~~~~~~~~~~~~~~~~~~~~~~~~^^
  File "C:\Users\Harun\PycharmProjects\amazonpricealertTelegramBot\.venv\Lib\site-packages\webdriver_manager\drivers\chrome.py", line 59, in get_latest_release_version
    response = self._http_client.get(url)
  File "C:\Users\Harun\PycharmProjects\amazonpricealertTelegramBot\.venv\Lib\site-packages\webdriver_manager\core\http.py", line 35, in get
    raise exceptions.ConnectionError(f"Could not reach host. Are you offline?")
requests.exceptions.ConnectionError: Could not reach host. Are you offline?
2025-07-22 06:57:25,219 - ERROR - Timeout occurred for https://www.hepsiburada.com/yatsan-one-by-tempur-20-cm-yatak-p-HBCV00000GSHTW
2025-07-22 06:57:33,026 - ERROR - SELENIUM: Beklenmedik bir hata oluştu: Could not reach host. Are you offline?
Traceback (most recent call last):
  File "C:\Users\Harun\PycharmProjects\amazonpricealertTelegramBot\.venv\Lib\site-packages\urllib3\connectionpool.py", line 787, in urlopen
    response = self._make_request(
        conn,
    ...<10 lines>...
        **response_kw,
    )
  File "C:\Users\Harun\PycharmProjects\amazonpricealertTelegramBot\.venv\Lib\site-packages\urllib3\connectionpool.py", line 488, in _make_request
    raise new_e
  File "C:\Users\Harun\PycharmProjects\amazonpricealertTelegramBot\.venv\Lib\site-packages\urllib3\connectionpool.py", line 464, in _make_request
    self._validate_conn(conn)
    ~~~~~~~~~~~~~~~~~~~^^^^^^
  File "C:\Users\Harun\PycharmProjects\amazonpricealertTelegramBot\.venv\Lib\site-packages\urllib3\connectionpool.py", line 1093, in _validate_conn
    conn.connect()
    ~~~~~~~~~~~~^^
  File "C:\Users\Harun\PycharmProjects\amazonpricealertTelegramBot\.venv\Lib\site-packages\urllib3\connection.py", line 741, in connect
    sock_and_verified = _ssl_wrap_socket_and_match_hostname(
        sock=sock,
    ...<14 lines>...
        assert_fingerprint=self.assert_fingerprint,
    )
  File "C:\Users\Harun\PycharmProjects\amazonpricealertTelegramBot\.venv\Lib\site-packages\urllib3\connection.py", line 920, in _ssl_wrap_socket_and_match_hostname
    ssl_sock = ssl_wrap_socket(
        sock=sock,
    ...<8 lines>...
        tls_in_tls=tls_in_tls,
    )
  File "C:\Users\Harun\PycharmProjects\amazonpricealertTelegramBot\.venv\Lib\site-packages\urllib3\util\ssl_.py", line 480, in ssl_wrap_socket
    ssl_sock = _ssl_wrap_socket_impl(sock, context, tls_in_tls, server_hostname)
  File "C:\Users\Harun\PycharmProjects\amazonpricealertTelegramBot\.venv\Lib\site-packages\urllib3\util\ssl_.py", line 524, in _ssl_wrap_socket_impl
    return ssl_context.wrap_socket(sock, server_hostname=server_hostname)
           ~~~~~~~~~~~~~~~~~~~~~~~^^^^^^^^^^^^^^^^^^^^^^^^^^^^^^^^^^^^^^^
  File "C:\Users\Harun\AppData\Local\Programs\Python\Python313\Lib\ssl.py", line 455, in wrap_socket
    return self.sslsocket_class._create(
           ~~~~~~~~~~~~~~~~~~~~~~~~~~~~^
        sock=sock,
        ^^^^^^^^^^
    ...<5 lines>...
        session=session
        ^^^^^^^^^^^^^^^
    )
    ^
  File "C:\Users\Harun\AppData\Local\Programs\Python\Python313\Lib\ssl.py", line 1076, in _create
    self.do_handshake()
    ~~~~~~~~~~~~~~~~~^^
  File "C:\Users\Harun\AppData\Local\Programs\Python\Python313\Lib\ssl.py", line 1372, in do_handshake
    self._sslobj.do_handshake()
    ~~~~~~~~~~~~~~~~~~~~~~~~~^^
ConnectionResetError: [WinError 10054] An existing connection was forcibly closed by the remote host

During handling of the above exception, another exception occurred:

Traceback (most recent call last):
  File "C:\Users\Harun\PycharmProjects\amazonpricealertTelegramBot\.venv\Lib\site-packages\requests\adapters.py", line 486, in send
    resp = conn.urlopen(
        method=request.method,
    ...<9 lines>...
        chunked=chunked,
    )
  File "C:\Users\Harun\PycharmProjects\amazonpricealertTelegramBot\.venv\Lib\site-packages\urllib3\connectionpool.py", line 841, in urlopen
    retries = retries.increment(
        method, url, error=new_e, _pool=self, _stacktrace=sys.exc_info()[2]
    )
  File "C:\Users\Harun\PycharmProjects\amazonpricealertTelegramBot\.venv\Lib\site-packages\urllib3\util\retry.py", line 474, in increment
    raise reraise(type(error), error, _stacktrace)
          ~~~~~~~^^^^^^^^^^^^^^^^^^^^^^^^^^^^^^^^^
  File "C:\Users\Harun\PycharmProjects\amazonpricealertTelegramBot\.venv\Lib\site-packages\urllib3\util\util.py", line 38, in reraise
    raise value.with_traceback(tb)
  File "C:\Users\Harun\PycharmProjects\amazonpricealertTelegramBot\.venv\Lib\site-packages\urllib3\connectionpool.py", line 787, in urlopen
    response = self._make_request(
        conn,
    ...<10 lines>...
        **response_kw,
    )
  File "C:\Users\Harun\PycharmProjects\amazonpricealertTelegramBot\.venv\Lib\site-packages\urllib3\connectionpool.py", line 488, in _make_request
    raise new_e
  File "C:\Users\Harun\PycharmProjects\amazonpricealertTelegramBot\.venv\Lib\site-packages\urllib3\connectionpool.py", line 464, in _make_request
    self._validate_conn(conn)
    ~~~~~~~~~~~~~~~~~~~^^^^^^
  File "C:\Users\Harun\PycharmProjects\amazonpricealertTelegramBot\.venv\Lib\site-packages\urllib3\connectionpool.py", line 1093, in _validate_conn
    conn.connect()
    ~~~~~~~~~~~~^^
  File "C:\Users\Harun\PycharmProjects\amazonpricealertTelegramBot\.venv\Lib\site-packages\urllib3\connection.py", line 741, in connect
    sock_and_verified = _ssl_wrap_socket_and_match_hostname(
        sock=sock,
    ...<14 lines>...
        assert_fingerprint=self.assert_fingerprint,
    )
  File "C:\Users\Harun\PycharmProjects\amazonpricealertTelegramBot\.venv\Lib\site-packages\urllib3\connection.py", line 920, in _ssl_wrap_socket_and_match_hostname
    ssl_sock = ssl_wrap_socket(
        sock=sock,
    ...<8 lines>...
        tls_in_tls=tls_in_tls,
    )
  File "C:\Users\Harun\PycharmProjects\amazonpricealertTelegramBot\.venv\Lib\site-packages\urllib3\util\ssl_.py", line 480, in ssl_wrap_socket
    ssl_sock = _ssl_wrap_socket_impl(sock, context, tls_in_tls, server_hostname)
  File "C:\Users\Harun\PycharmProjects\amazonpricealertTelegramBot\.venv\Lib\site-packages\urllib3\util\ssl_.py", line 524, in _ssl_wrap_socket_impl
    return ssl_context.wrap_socket(sock, server_hostname=server_hostname)
           ~~~~~~~~~~~~~~~~~~~~~~~^^^^^^^^^^^^^^^^^^^^^^^^^^^^^^^^^^^^^^^
  File "C:\Users\Harun\AppData\Local\Programs\Python\Python313\Lib\ssl.py", line 455, in wrap_socket
    return self.sslsocket_class._create(
           ~~~~~~~~~~~~~~~~~~~~~~~~~~~~^
        sock=sock,
        ^^^^^^^^^^
    ...<5 lines>...
        session=session
        ^^^^^^^^^^^^^^^
    )
    ^
  File "C:\Users\Harun\AppData\Local\Programs\Python\Python313\Lib\ssl.py", line 1076, in _create
    self.do_handshake()
    ~~~~~~~~~~~~~~~~~^^
  File "C:\Users\Harun\AppData\Local\Programs\Python\Python313\Lib\ssl.py", line 1372, in do_handshake
    self._sslobj.do_handshake()
    ~~~~~~~~~~~~~~~~~~~~~~~~~^^
urllib3.exceptions.ProtocolError: ('Connection aborted.', ConnectionResetError(10054, 'An existing connection was forcibly closed by the remote host', None, 10054, None))

During handling of the above exception, another exception occurred:

Traceback (most recent call last):
  File "C:\Users\Harun\PycharmProjects\amazonpricealertTelegramBot\.venv\Lib\site-packages\webdriver_manager\core\http.py", line 32, in get
    resp = requests.get(
        url=url, verify=self._ssl_verify, stream=True, **kwargs)
  File "C:\Users\Harun\PycharmProjects\amazonpricealertTelegramBot\.venv\Lib\site-packages\requests\api.py", line 73, in get
    return request("get", url, params=params, **kwargs)
  File "C:\Users\Harun\PycharmProjects\amazonpricealertTelegramBot\.venv\Lib\site-packages\requests\api.py", line 59, in request
    return session.request(method=method, url=url, **kwargs)
           ~~~~~~~~~~~~~~~^^^^^^^^^^^^^^^^^^^^^^^^^^^^^^^^^^
  File "C:\Users\Harun\PycharmProjects\amazonpricealertTelegramBot\.venv\Lib\site-packages\requests\sessions.py", line 589, in request
    resp = self.send(prep, **send_kwargs)
  File "C:\Users\Harun\PycharmProjects\amazonpricealertTelegramBot\.venv\Lib\site-packages\requests\sessions.py", line 703, in send
    r = adapter.send(request, **kwargs)
  File "C:\Users\Harun\PycharmProjects\amazonpricealertTelegramBot\.venv\Lib\site-packages\requests\adapters.py", line 501, in send
    raise ConnectionError(err, request=request)
requests.exceptions.ConnectionError: ('Connection aborted.', ConnectionResetError(10054, 'An existing connection was forcibly closed by the remote host', None, 10054, None))

During handling of the above exception, another exception occurred:

Traceback (most recent call last):
  File "C:\Users\Harun\PycharmProjects\amazonpricealertTelegramBot\amazon.price.alert.py", line 141, in get_hepsiburada_price_with_selenium
    service = Service(ChromeDriverManager().install())
                      ~~~~~~~~~~~~~~~~~~~~~~~~~~~~~^^
  File "C:\Users\Harun\PycharmProjects\amazonpricealertTelegramBot\.venv\Lib\site-packages\webdriver_manager\chrome.py", line 40, in install
    driver_path = self._get_driver_binary_path(self.driver)
  File "C:\Users\Harun\PycharmProjects\amazonpricealertTelegramBot\.venv\Lib\site-packages\webdriver_manager\core\manager.py", line 35, in _get_driver_binary_path
    binary_path = self._cache_manager.find_driver(driver)
  File "C:\Users\Harun\PycharmProjects\amazonpricealertTelegramBot\.venv\Lib\site-packages\webdriver_manager\core\driver_cache.py", line 107, in find_driver
    driver_version = self.get_cache_key_driver_version(driver)
  File "C:\Users\Harun\PycharmProjects\amazonpricealertTelegramBot\.venv\Lib\site-packages\webdriver_manager\core\driver_cache.py", line 154, in get_cache_key_driver_version
    return driver.get_driver_version_to_download()
           ~~~~~~~~~~~~~~~~~~~~~~~~~~~~~~~~~~~~~^^
  File "C:\Users\Harun\PycharmProjects\amazonpricealertTelegramBot\.venv\Lib\site-packages\webdriver_manager\core\driver.py", line 48, in get_driver_version_to_download
    return self.get_latest_release_version()
           ~~~~~~~~~~~~~~~~~~~~~~~~~~~~~~~^^
  File "C:\Users\Harun\PycharmProjects\amazonpricealertTelegramBot\.venv\Lib\site-packages\webdriver_manager\drivers\chrome.py", line 59, in get_latest_release_version
    response = self._http_client.get(url)
  File "C:\Users\Harun\PycharmProjects\amazonpricealertTelegramBot\.venv\Lib\site-packages\webdriver_manager\core\http.py", line 35, in get
    raise exceptions.ConnectionError(f"Could not reach host. Are you offline?")
requests.exceptions.ConnectionError: Could not reach host. Are you offline?
2025-07-22 06:57:47,285 - ERROR - All 2 retries failed for product ID 29 (https://www.hepsiburada.com/yatsan-one-by-tempur-20-cm-yatak-p-HBCV00000GSHTW).
2025-07-22 06:58:12,776 - ERROR - Timeout occurred for https://www.hepsiburada.com/dji-osmo-action-5-pro-standard-aksiyon-kamera-p-HBCV000079UXT4
2025-07-22 07:03:52,600 - ERROR - Timeout occurred for https://www.hepsiburada.com/grillmate-gm60-ka-dokum-izgarali-katlanir-ayakli-mangal-pm-HBC00006RKVXF
2025-07-22 07:08:26,351 - ERROR - All 2 retries failed for product ID 32 (https://www.trendyol.com/hoover/hle-c10dg-17-10-kg-nfc-baglantili-kurutma-makinesi-p-216657679).
2025-07-22 07:09:40,858 - ERROR - All 2 retries failed for product ID 33 (https://www.trendyol.com/neutron/akilli-wi-fi-destekli-4-lu-akim-korumali-priz-p-347127121?boutiqueId=61&merchantId=107514&adjust_t=mk12x3o_m4o2h83&adjust_tracker_limit=999999999&utm_campaign=347127121&adjust_campaign=product_free_20256239_TR&adjust_creative=347127121&adjust_adgroup=10629080&utm_term=10629080&link_contentid=347127121&utm_source=share&utm_medium=product_free&link_userID=10629080).
2025-07-22 07:10:00,363 - ERROR - Connection error for https://www.amazon.com.tr/dp/B07VLN38BL?tag=joiapedra_10748-21&smid=A1UNQM1SR2CHM&th=1: ('Connection aborted.', ConnectionResetError(10054, 'An existing connection was forcibly closed by the remote host', None, 10054, None))
2025-07-22 07:11:11,696 - ERROR - Timeout occurred for https://www.mediamarkt.com.tr/tr/product/_meross-matter-akilli-priz-beyaz-1247481.html
2025-07-22 07:11:55,329 - ERROR - All 2 retries failed for product ID 35 (https://www.mediamarkt.com.tr/tr/product/_meross-matter-akilli-priz-beyaz-1247481.html).
2025-07-22 07:12:52,026 - ERROR - All 2 retries failed for product ID 36 (https://www.trendyol.com/sword/wi-fi-akilli-priz-30w-type-c-akim-korumali-3-lu-priz-3-usb-uzaktan-kontrol-ve-zaman-ayarli-sw-3pu1c-p-698472817?boutiqueId=61&merchantId=405920).
2025-07-22 07:13:18,298 - ERROR - Timeout occurred for https://www.hepsiburada.com/yatas-black-ice-yayli-yatak-black-ice-visco-yastik-hediyeli-p-HBCV00008OYJ3Z
2025-07-22 07:29:57,605 - ERROR - Connection error for https://www.amazon.com.tr/gp/product/B08DL2NHPL/ref=ox_sc_saved_image_4?smid=A1UNQM1SR2CHM&psc=1: ('Connection aborted.', ConnectionResetError(10054, 'An existing connection was forcibly closed by the remote host', None, 10054, None))
2025-07-22 07:30:41,496 - ERROR - Connection error for https://www.amazon.com.tr/gp/product/B08DL2NHPL/ref=ox_sc_saved_image_4?smid=A1UNQM1SR2CHM&psc=1: HTTPSConnectionPool(host='www.amazon.com.tr', port=443): Read timed out.
2025-07-22 07:30:55,756 - ERROR - All 2 retries failed for product ID 11 (https://www.amazon.com.tr/gp/product/B08DL2NHPL/ref=ox_sc_saved_image_4?smid=A1UNQM1SR2CHM&psc=1).
2025-07-22 07:31:08,851 - ERROR - Connection error for https://www.amazon.com.tr/gp/product/B098K3H92Z/ref=ox_sc_saved_title_6?smid=A1UNQM1SR2CHM&psc=1: ('Connection aborted.', ConnectionResetError(10054, 'An existing connection was forcibly closed by the remote host', None, 10054, None))
2025-07-22 07:31:25,171 - ERROR - Connection error for https://www.amazon.com.tr/gp/product/B098K3H92Z/ref=ox_sc_saved_title_6?smid=A1UNQM1SR2CHM&psc=1: ('Connection aborted.', ConnectionResetError(10054, 'An existing connection was forcibly closed by the remote host', None, 10054, None))
2025-07-22 07:31:39,418 - ERROR - All 2 retries failed for product ID 12 (https://www.amazon.com.tr/gp/product/B098K3H92Z/ref=ox_sc_saved_title_6?smid=A1UNQM1SR2CHM&psc=1).
2025-07-22 07:32:33,406 - ERROR - All 2 retries failed for product ID 21 (https://www.trendyol.com/bissell/spinwave-cordless-kablosuz-zemin-silme-makinesi-p-125828676?boutiqueId=61).
2025-07-22 07:33:15,963 - ERROR - All 2 retries failed for product ID 25 (https://www.trendyol.com/xiaomi/router-ax1500-wifi-6-2-4ghz-5ghz-p-854126763?boutiqueId=681310&merchantId=968&v=1.27.2&utm_campaign=DonanimHaber&utm_medium=referral&utm_source=DonanimHaber).
2025-07-22 07:33:51,379 - ERROR - All 2 retries failed for product ID 27 (https://www.trendyol.com/grillmate/gm60-katlanir-ayakli-ve-dokum-izgarali-mangal-p-804298355).
2025-07-22 07:34:07,505 - ERROR - Timeout occurred for https://www.hepsiburada.com/sonoff-mini-r4-matter-akilli-role-p-HBCV00005TO34S
2025-07-22 07:34:39,435 - ERROR - Timeout occurred for https://www.hepsiburada.com/yatsan-one-by-tempur-20-cm-yatak-p-HBCV00000GSHTW
2025-07-22 07:34:51,272 - ERROR - SELENIUM: Beklenmedik bir hata oluştu: 'NoneType' object has no attribute 'get'
Traceback (most recent call last):
  File "C:\Users\Harun\PycharmProjects\amazonpricealertTelegramBot\amazon.price.alert.py", line 177, in get_hepsiburada_price_with_selenium
    base_price = product_info.get("prices", [{}])[0].get("value")
                 ^^^^^^^^^^^^^^^^
AttributeError: 'NoneType' object has no attribute 'get'
2025-07-22 07:35:27,405 - ERROR - Timeout occurred for https://www.hepsiburada.com/yatsan-one-by-tempur-20-cm-yatak-p-HBCV00000GSHTW
2025-07-22 07:35:37,211 - ERROR - SELENIUM: Beklenmedik bir hata oluştu: 'NoneType' object has no attribute 'get'
Traceback (most recent call last):
  File "C:\Users\Harun\PycharmProjects\amazonpricealertTelegramBot\amazon.price.alert.py", line 177, in get_hepsiburada_price_with_selenium
    base_price = product_info.get("prices", [{}])[0].get("value")
                 ^^^^^^^^^^^^^^^^
AttributeError: 'NoneType' object has no attribute 'get'
2025-07-22 07:35:57,745 - ERROR - All 2 retries failed for product ID 29 (https://www.hepsiburada.com/yatsan-one-by-tempur-20-cm-yatak-p-HBCV00000GSHTW).
2025-07-22 07:36:14,736 - ERROR - Timeout occurred for https://www.hepsiburada.com/dji-osmo-action-5-pro-standard-aksiyon-kamera-p-HBCV000079UXT4
2025-07-22 07:36:45,874 - ERROR - Timeout occurred for https://www.hepsiburada.com/grillmate-gm60-ka-dokum-izgarali-katlanir-ayakli-mangal-pm-HBC00006RKVXF
2025-07-22 07:37:33,391 - ERROR - All 2 retries failed for product ID 32 (https://www.trendyol.com/hoover/hle-c10dg-17-10-kg-nfc-baglantili-kurutma-makinesi-p-216657679).
2025-07-22 07:38:04,885 - ERROR - All 2 retries failed for product ID 33 (https://www.trendyol.com/neutron/akilli-wi-fi-destekli-4-lu-akim-korumali-priz-p-347127121?boutiqueId=61&merchantId=107514&adjust_t=mk12x3o_m4o2h83&adjust_tracker_limit=999999999&utm_campaign=347127121&adjust_campaign=product_free_20256239_TR&adjust_creative=347127121&adjust_adgroup=10629080&utm_term=10629080&link_contentid=347127121&utm_source=share&utm_medium=product_free&link_userID=10629080).
2025-07-22 07:38:42,725 - ERROR - All 2 retries failed for product ID 35 (https://www.mediamarkt.com.tr/tr/product/_meross-matter-akilli-priz-beyaz-1247481.html).
2025-07-22 07:39:13,814 - ERROR - All 2 retries failed for product ID 36 (https://www.trendyol.com/sword/wi-fi-akilli-priz-30w-type-c-akim-korumali-3-lu-priz-3-usb-uzaktan-kontrol-ve-zaman-ayarli-sw-3pu1c-p-698472817?boutiqueId=61&merchantId=405920).
2025-07-22 07:39:30,126 - ERROR - Timeout occurred for https://www.hepsiburada.com/yatas-black-ice-yayli-yatak-black-ice-visco-yastik-hediyeli-p-HBCV00008OYJ3Z
2025-07-22 07:50:56,698 - ERROR - All 2 retries failed for product ID 21 (https://www.trendyol.com/bissell/spinwave-cordless-kablosuz-zemin-silme-makinesi-p-125828676?boutiqueId=61).
2025-07-22 07:51:37,731 - ERROR - All 2 retries failed for product ID 25 (https://www.trendyol.com/xiaomi/router-ax1500-wifi-6-2-4ghz-5ghz-p-854126763?boutiqueId=681310&merchantId=968&v=1.27.2&utm_campaign=DonanimHaber&utm_medium=referral&utm_source=DonanimHaber).
2025-07-22 07:52:12,212 - ERROR - All 2 retries failed for product ID 27 (https://www.trendyol.com/grillmate/gm60-katlanir-ayakli-ve-dokum-izgarali-mangal-p-804298355).
2025-07-22 07:52:29,026 - ERROR - Timeout occurred for https://www.hepsiburada.com/sonoff-mini-r4-matter-akilli-role-p-HBCV00005TO34S
2025-07-22 07:53:00,368 - ERROR - Timeout occurred for https://www.hepsiburada.com/yatsan-one-by-tempur-20-cm-yatak-p-HBCV00000GSHTW
2025-07-22 07:53:09,330 - ERROR - SELENIUM: Beklenmedik bir hata oluştu: 'NoneType' object has no attribute 'get'
Traceback (most recent call last):
  File "C:\Users\Harun\PycharmProjects\amazonpricealertTelegramBot\amazon.price.alert.py", line 177, in get_hepsiburada_price_with_selenium
    base_price = product_info.get("prices", [{}])[0].get("value")
                 ^^^^^^^^^^^^^^^^
AttributeError: 'NoneType' object has no attribute 'get'
2025-07-22 07:53:45,439 - ERROR - Timeout occurred for https://www.hepsiburada.com/yatsan-one-by-tempur-20-cm-yatak-p-HBCV00000GSHTW
2025-07-22 07:53:55,049 - ERROR - SELENIUM: Beklenmedik bir hata oluştu: 'NoneType' object has no attribute 'get'
Traceback (most recent call last):
  File "C:\Users\Harun\PycharmProjects\amazonpricealertTelegramBot\amazon.price.alert.py", line 177, in get_hepsiburada_price_with_selenium
    base_price = product_info.get("prices", [{}])[0].get("value")
                 ^^^^^^^^^^^^^^^^
AttributeError: 'NoneType' object has no attribute 'get'
2025-07-22 07:54:15,521 - ERROR - All 2 retries failed for product ID 29 (https://www.hepsiburada.com/yatsan-one-by-tempur-20-cm-yatak-p-HBCV00000GSHTW).
2025-07-22 07:54:32,405 - ERROR - Timeout occurred for https://www.hepsiburada.com/dji-osmo-action-5-pro-standard-aksiyon-kamera-p-HBCV000079UXT4
2025-07-22 07:55:03,720 - ERROR - Timeout occurred for https://www.hepsiburada.com/grillmate-gm60-ka-dokum-izgarali-katlanir-ayakli-mangal-pm-HBC00006RKVXF
2025-07-22 07:55:49,536 - ERROR - All 2 retries failed for product ID 32 (https://www.trendyol.com/hoover/hle-c10dg-17-10-kg-nfc-baglantili-kurutma-makinesi-p-216657679).
2025-07-22 07:56:21,564 - ERROR - All 2 retries failed for product ID 33 (https://www.trendyol.com/neutron/akilli-wi-fi-destekli-4-lu-akim-korumali-priz-p-347127121?boutiqueId=61&merchantId=107514&adjust_t=mk12x3o_m4o2h83&adjust_tracker_limit=999999999&utm_campaign=347127121&adjust_campaign=product_free_20256239_TR&adjust_creative=347127121&adjust_adgroup=10629080&utm_term=10629080&link_contentid=347127121&utm_source=share&utm_medium=product_free&link_userID=10629080).
2025-07-22 07:57:00,117 - ERROR - All 2 retries failed for product ID 35 (https://www.mediamarkt.com.tr/tr/product/_meross-matter-akilli-priz-beyaz-1247481.html).
2025-07-22 07:57:31,839 - ERROR - All 2 retries failed for product ID 36 (https://www.trendyol.com/sword/wi-fi-akilli-priz-30w-type-c-akim-korumali-3-lu-priz-3-usb-uzaktan-kontrol-ve-zaman-ayarli-sw-3pu1c-p-698472817?boutiqueId=61&merchantId=405920).
2025-07-22 07:57:48,288 - ERROR - Timeout occurred for https://www.hepsiburada.com/yatas-black-ice-yayli-yatak-black-ice-visco-yastik-hediyeli-p-HBCV00008OYJ3Z
2025-07-22 08:09:14,148 - ERROR - All 2 retries failed for product ID 21 (https://www.trendyol.com/bissell/spinwave-cordless-kablosuz-zemin-silme-makinesi-p-125828676?boutiqueId=61).
2025-07-22 08:09:56,100 - ERROR - All 2 retries failed for product ID 25 (https://www.trendyol.com/xiaomi/router-ax1500-wifi-6-2-4ghz-5ghz-p-854126763?boutiqueId=681310&merchantId=968&v=1.27.2&utm_campaign=DonanimHaber&utm_medium=referral&utm_source=DonanimHaber).
2025-07-22 08:10:30,585 - ERROR - All 2 retries failed for product ID 27 (https://www.trendyol.com/grillmate/gm60-katlanir-ayakli-ve-dokum-izgarali-mangal-p-804298355).
2025-07-22 08:10:47,419 - ERROR - Timeout occurred for https://www.hepsiburada.com/sonoff-mini-r4-matter-akilli-role-p-HBCV00005TO34S
2025-07-22 08:11:19,601 - ERROR - Timeout occurred for https://www.hepsiburada.com/yatsan-one-by-tempur-20-cm-yatak-p-HBCV00000GSHTW
2025-07-22 08:11:30,308 - ERROR - SELENIUM: Beklenmedik bir hata oluştu: 'NoneType' object has no attribute 'get'
Traceback (most recent call last):
  File "C:\Users\Harun\PycharmProjects\amazonpricealertTelegramBot\amazon.price.alert.py", line 177, in get_hepsiburada_price_with_selenium
    base_price = product_info.get("prices", [{}])[0].get("value")
                 ^^^^^^^^^^^^^^^^
AttributeError: 'NoneType' object has no attribute 'get'
2025-07-22 08:12:06,411 - ERROR - Timeout occurred for https://www.hepsiburada.com/yatsan-one-by-tempur-20-cm-yatak-p-HBCV00000GSHTW
2025-07-22 08:12:15,596 - ERROR - SELENIUM: Beklenmedik bir hata oluştu: 'NoneType' object has no attribute 'get'
Traceback (most recent call last):
  File "C:\Users\Harun\PycharmProjects\amazonpricealertTelegramBot\amazon.price.alert.py", line 177, in get_hepsiburada_price_with_selenium
    base_price = product_info.get("prices", [{}])[0].get("value")
                 ^^^^^^^^^^^^^^^^
AttributeError: 'NoneType' object has no attribute 'get'
2025-07-22 08:12:36,078 - ERROR - All 2 retries failed for product ID 29 (https://www.hepsiburada.com/yatsan-one-by-tempur-20-cm-yatak-p-HBCV00000GSHTW).
2025-07-22 08:12:52,340 - ERROR - Timeout occurred for https://www.hepsiburada.com/dji-osmo-action-5-pro-standard-aksiyon-kamera-p-HBCV000079UXT4
2025-07-22 08:13:23,562 - ERROR - Timeout occurred for https://www.hepsiburada.com/grillmate-gm60-ka-dokum-izgarali-katlanir-ayakli-mangal-pm-HBC00006RKVXF
2025-07-22 08:14:10,759 - ERROR - All 2 retries failed for product ID 32 (https://www.trendyol.com/hoover/hle-c10dg-17-10-kg-nfc-baglantili-kurutma-makinesi-p-216657679).
2025-07-22 08:14:41,848 - ERROR - All 2 retries failed for product ID 33 (https://www.trendyol.com/neutron/akilli-wi-fi-destekli-4-lu-akim-korumali-priz-p-347127121?boutiqueId=61&merchantId=107514&adjust_t=mk12x3o_m4o2h83&adjust_tracker_limit=999999999&utm_campaign=347127121&adjust_campaign=product_free_20256239_TR&adjust_creative=347127121&adjust_adgroup=10629080&utm_term=10629080&link_contentid=347127121&utm_source=share&utm_medium=product_free&link_userID=10629080).
2025-07-22 08:15:20,240 - ERROR - All 2 retries failed for product ID 35 (https://www.mediamarkt.com.tr/tr/product/_meross-matter-akilli-priz-beyaz-1247481.html).
2025-07-22 08:15:51,310 - ERROR - All 2 retries failed for product ID 36 (https://www.trendyol.com/sword/wi-fi-akilli-priz-30w-type-c-akim-korumali-3-lu-priz-3-usb-uzaktan-kontrol-ve-zaman-ayarli-sw-3pu1c-p-698472817?boutiqueId=61&merchantId=405920).
2025-07-22 08:16:07,427 - ERROR - Timeout occurred for https://www.hepsiburada.com/yatas-black-ice-yayli-yatak-black-ice-visco-yastik-hediyeli-p-HBCV00008OYJ3Z
2025-07-22 08:28:15,355 - ERROR - All 2 retries failed for product ID 21 (https://www.trendyol.com/bissell/spinwave-cordless-kablosuz-zemin-silme-makinesi-p-125828676?boutiqueId=61).
2025-07-22 08:28:58,957 - ERROR - All 2 retries failed for product ID 25 (https://www.trendyol.com/xiaomi/router-ax1500-wifi-6-2-4ghz-5ghz-p-854126763?boutiqueId=681310&merchantId=968&v=1.27.2&utm_campaign=DonanimHaber&utm_medium=referral&utm_source=DonanimHaber).
2025-07-22 08:29:34,273 - ERROR - All 2 retries failed for product ID 27 (https://www.trendyol.com/grillmate/gm60-katlanir-ayakli-ve-dokum-izgarali-mangal-p-804298355).
2025-07-22 08:29:50,675 - ERROR - Timeout occurred for https://www.hepsiburada.com/sonoff-mini-r4-matter-akilli-role-p-HBCV00005TO34S
2025-07-22 08:30:23,889 - ERROR - Timeout occurred for https://www.hepsiburada.com/yatsan-one-by-tempur-20-cm-yatak-p-HBCV00000GSHTW
2025-07-22 08:30:37,829 - ERROR - SELENIUM: Beklenmedik bir hata oluştu: 'NoneType' object has no attribute 'get'
Traceback (most recent call last):
  File "C:\Users\Harun\PycharmProjects\amazonpricealertTelegramBot\amazon.price.alert.py", line 177, in get_hepsiburada_price_with_selenium
    base_price = product_info.get("prices", [{}])[0].get("value")
                 ^^^^^^^^^^^^^^^^
AttributeError: 'NoneType' object has no attribute 'get'
2025-07-22 08:31:13,884 - ERROR - Timeout occurred for https://www.hepsiburada.com/yatsan-one-by-tempur-20-cm-yatak-p-HBCV00000GSHTW
2025-07-22 08:31:24,715 - ERROR - SELENIUM: Beklenmedik bir hata oluştu: 'NoneType' object has no attribute 'get'
Traceback (most recent call last):
  File "C:\Users\Harun\PycharmProjects\amazonpricealertTelegramBot\amazon.price.alert.py", line 177, in get_hepsiburada_price_with_selenium
    base_price = product_info.get("prices", [{}])[0].get("value")
                 ^^^^^^^^^^^^^^^^
AttributeError: 'NoneType' object has no attribute 'get'
2025-07-22 08:31:45,215 - ERROR - All 2 retries failed for product ID 29 (https://www.hepsiburada.com/yatsan-one-by-tempur-20-cm-yatak-p-HBCV00000GSHTW).
2025-07-22 08:32:01,850 - ERROR - Timeout occurred for https://www.hepsiburada.com/dji-osmo-action-5-pro-standard-aksiyon-kamera-p-HBCV000079UXT4
2025-07-22 08:32:35,530 - ERROR - Timeout occurred for https://www.hepsiburada.com/grillmate-gm60-ka-dokum-izgarali-katlanir-ayakli-mangal-pm-HBC00006RKVXF
2025-07-22 08:33:38,663 - ERROR - All 2 retries failed for product ID 32 (https://www.trendyol.com/hoover/hle-c10dg-17-10-kg-nfc-baglantili-kurutma-makinesi-p-216657679).
2025-07-22 08:34:09,571 - ERROR - All 2 retries failed for product ID 33 (https://www.trendyol.com/neutron/akilli-wi-fi-destekli-4-lu-akim-korumali-priz-p-347127121?boutiqueId=61&merchantId=107514&adjust_t=mk12x3o_m4o2h83&adjust_tracker_limit=999999999&utm_campaign=347127121&adjust_campaign=product_free_20256239_TR&adjust_creative=347127121&adjust_adgroup=10629080&utm_term=10629080&link_contentid=347127121&utm_source=share&utm_medium=product_free&link_userID=10629080).
2025-07-22 08:34:47,201 - ERROR - All 2 retries failed for product ID 35 (https://www.mediamarkt.com.tr/tr/product/_meross-matter-akilli-priz-beyaz-1247481.html).
2025-07-22 08:35:18,547 - ERROR - All 2 retries failed for product ID 36 (https://www.trendyol.com/sword/wi-fi-akilli-priz-30w-type-c-akim-korumali-3-lu-priz-3-usb-uzaktan-kontrol-ve-zaman-ayarli-sw-3pu1c-p-698472817?boutiqueId=61&merchantId=405920).
2025-07-22 08:35:35,318 - ERROR - Timeout occurred for https://www.hepsiburada.com/yatas-black-ice-yayli-yatak-black-ice-visco-yastik-hediyeli-p-HBCV00008OYJ3Z
2025-07-22 08:46:18,894 - ERROR - All 2 retries failed for product ID 2 (https://www.amazon.com.tr/gp/product/B0CJRQZF8R/ref=ox_sc_act_title_1?smid=A1UNQM1SR2CHM&psc=1).
2025-07-22 08:46:53,461 - ERROR - All 2 retries failed for product ID 5 (https://www.amazon.com.tr/gp/product/B0CBFZYL3S/ref=ox_sc_saved_image_3?smid=A1UNQM1SR2CHM&psc=1).
2025-07-22 08:48:42,091 - ERROR - All 2 retries failed for product ID 21 (https://www.trendyol.com/bissell/spinwave-cordless-kablosuz-zemin-silme-makinesi-p-125828676?boutiqueId=61).
2025-07-22 08:49:40,060 - ERROR - All 2 retries failed for product ID 25 (https://www.trendyol.com/xiaomi/router-ax1500-wifi-6-2-4ghz-5ghz-p-854126763?boutiqueId=681310&merchantId=968&v=1.27.2&utm_campaign=DonanimHaber&utm_medium=referral&utm_source=DonanimHaber).
2025-07-22 08:50:15,554 - ERROR - All 2 retries failed for product ID 27 (https://www.trendyol.com/grillmate/gm60-katlanir-ayakli-ve-dokum-izgarali-mangal-p-804298355).
2025-07-22 08:50:32,447 - ERROR - Timeout occurred for https://www.hepsiburada.com/sonoff-mini-r4-matter-akilli-role-p-HBCV00005TO34S
2025-07-22 08:51:06,546 - ERROR - Timeout occurred for https://www.hepsiburada.com/yatsan-one-by-tempur-20-cm-yatak-p-HBCV00000GSHTW
2025-07-22 08:51:16,911 - ERROR - SELENIUM: Beklenmedik bir hata oluştu: 'NoneType' object has no attribute 'get'
Traceback (most recent call last):
  File "C:\Users\Harun\PycharmProjects\amazonpricealertTelegramBot\amazon.price.alert.py", line 177, in get_hepsiburada_price_with_selenium
    base_price = product_info.get("prices", [{}])[0].get("value")
                 ^^^^^^^^^^^^^^^^
AttributeError: 'NoneType' object has no attribute 'get'
2025-07-22 08:51:53,023 - ERROR - Timeout occurred for https://www.hepsiburada.com/yatsan-one-by-tempur-20-cm-yatak-p-HBCV00000GSHTW
2025-07-22 08:52:05,277 - ERROR - SELENIUM: Beklenmedik bir hata oluştu: 'NoneType' object has no attribute 'get'
Traceback (most recent call last):
  File "C:\Users\Harun\PycharmProjects\amazonpricealertTelegramBot\amazon.price.alert.py", line 177, in get_hepsiburada_price_with_selenium
    base_price = product_info.get("prices", [{}])[0].get("value")
                 ^^^^^^^^^^^^^^^^
AttributeError: 'NoneType' object has no attribute 'get'
2025-07-22 08:52:25,756 - ERROR - All 2 retries failed for product ID 29 (https://www.hepsiburada.com/yatsan-one-by-tempur-20-cm-yatak-p-HBCV00000GSHTW).
2025-07-22 08:52:42,143 - ERROR - Timeout occurred for https://www.hepsiburada.com/dji-osmo-action-5-pro-standard-aksiyon-kamera-p-HBCV000079UXT4
2025-07-22 08:53:16,397 - ERROR - Timeout occurred for https://www.hepsiburada.com/grillmate-gm60-ka-dokum-izgarali-katlanir-ayakli-mangal-pm-HBC00006RKVXF
2025-07-22 08:54:04,480 - ERROR - All 2 retries failed for product ID 32 (https://www.trendyol.com/hoover/hle-c10dg-17-10-kg-nfc-baglantili-kurutma-makinesi-p-216657679).
2025-07-22 08:54:36,335 - ERROR - All 2 retries failed for product ID 33 (https://www.trendyol.com/neutron/akilli-wi-fi-destekli-4-lu-akim-korumali-priz-p-347127121?boutiqueId=61&merchantId=107514&adjust_t=mk12x3o_m4o2h83&adjust_tracker_limit=999999999&utm_campaign=347127121&adjust_campaign=product_free_20256239_TR&adjust_creative=347127121&adjust_adgroup=10629080&utm_term=10629080&link_contentid=347127121&utm_source=share&utm_medium=product_free&link_userID=10629080).
2025-07-22 08:55:14,468 - ERROR - All 2 retries failed for product ID 35 (https://www.mediamarkt.com.tr/tr/product/_meross-matter-akilli-priz-beyaz-1247481.html).
2025-07-22 08:55:46,259 - ERROR - All 2 retries failed for product ID 36 (https://www.trendyol.com/sword/wi-fi-akilli-priz-30w-type-c-akim-korumali-3-lu-priz-3-usb-uzaktan-kontrol-ve-zaman-ayarli-sw-3pu1c-p-698472817?boutiqueId=61&merchantId=405920).
2025-07-22 08:56:02,304 - ERROR - Timeout occurred for https://www.hepsiburada.com/yatas-black-ice-yayli-yatak-black-ice-visco-yastik-hediyeli-p-HBCV00008OYJ3Z
2025-07-22 09:08:11,263 - ERROR - All 2 retries failed for product ID 21 (https://www.trendyol.com/bissell/spinwave-cordless-kablosuz-zemin-silme-makinesi-p-125828676?boutiqueId=61).
2025-07-22 09:09:07,816 - ERROR - All 2 retries failed for product ID 25 (https://www.trendyol.com/xiaomi/router-ax1500-wifi-6-2-4ghz-5ghz-p-854126763?boutiqueId=681310&merchantId=968&v=1.27.2&utm_campaign=DonanimHaber&utm_medium=referral&utm_source=DonanimHaber).
2025-07-22 09:09:43,449 - ERROR - All 2 retries failed for product ID 27 (https://www.trendyol.com/grillmate/gm60-katlanir-ayakli-ve-dokum-izgarali-mangal-p-804298355).
2025-07-22 09:10:00,429 - ERROR - Timeout occurred for https://www.hepsiburada.com/sonoff-mini-r4-matter-akilli-role-p-HBCV00005TO34S
2025-07-22 09:10:35,248 - ERROR - Timeout occurred for https://www.hepsiburada.com/yatsan-one-by-tempur-20-cm-yatak-p-HBCV00000GSHTW
2025-07-22 09:10:47,625 - ERROR - SELENIUM: Beklenmedik bir hata oluştu: 'NoneType' object has no attribute 'get'
Traceback (most recent call last):
  File "C:\Users\Harun\PycharmProjects\amazonpricealertTelegramBot\amazon.price.alert.py", line 177, in get_hepsiburada_price_with_selenium
    base_price = product_info.get("prices", [{}])[0].get("value")
                 ^^^^^^^^^^^^^^^^
AttributeError: 'NoneType' object has no attribute 'get'
2025-07-22 09:11:23,753 - ERROR - Timeout occurred for https://www.hepsiburada.com/yatsan-one-by-tempur-20-cm-yatak-p-HBCV00000GSHTW
2025-07-22 09:11:36,580 - ERROR - SELENIUM: Beklenmedik bir hata oluştu: 'NoneType' object has no attribute 'get'
Traceback (most recent call last):
  File "C:\Users\Harun\PycharmProjects\amazonpricealertTelegramBot\amazon.price.alert.py", line 177, in get_hepsiburada_price_with_selenium
    base_price = product_info.get("prices", [{}])[0].get("value")
                 ^^^^^^^^^^^^^^^^
AttributeError: 'NoneType' object has no attribute 'get'
2025-07-22 09:11:57,066 - ERROR - All 2 retries failed for product ID 29 (https://www.hepsiburada.com/yatsan-one-by-tempur-20-cm-yatak-p-HBCV00000GSHTW).
2025-07-22 09:12:13,286 - ERROR - Timeout occurred for https://www.hepsiburada.com/dji-osmo-action-5-pro-standard-aksiyon-kamera-p-HBCV000079UXT4
2025-07-22 09:12:45,174 - ERROR - Timeout occurred for https://www.hepsiburada.com/grillmate-gm60-ka-dokum-izgarali-katlanir-ayakli-mangal-pm-HBC00006RKVXF
2025-07-22 09:13:58,284 - ERROR - All 2 retries failed for product ID 32 (https://www.trendyol.com/hoover/hle-c10dg-17-10-kg-nfc-baglantili-kurutma-makinesi-p-216657679).
2025-07-22 09:14:34,042 - ERROR - All 2 retries failed for product ID 33 (https://www.trendyol.com/neutron/akilli-wi-fi-destekli-4-lu-akim-korumali-priz-p-347127121?boutiqueId=61&merchantId=107514&adjust_t=mk12x3o_m4o2h83&adjust_tracker_limit=999999999&utm_campaign=347127121&adjust_campaign=product_free_20256239_TR&adjust_creative=347127121&adjust_adgroup=10629080&utm_term=10629080&link_contentid=347127121&utm_source=share&utm_medium=product_free&link_userID=10629080).
2025-07-22 09:15:29,719 - ERROR - All 2 retries failed for product ID 35 (https://www.mediamarkt.com.tr/tr/product/_meross-matter-akilli-priz-beyaz-1247481.html).
2025-07-22 09:16:04,237 - ERROR - All 2 retries failed for product ID 36 (https://www.trendyol.com/sword/wi-fi-akilli-priz-30w-type-c-akim-korumali-3-lu-priz-3-usb-uzaktan-kontrol-ve-zaman-ayarli-sw-3pu1c-p-698472817?boutiqueId=61&merchantId=405920).
2025-07-22 09:16:21,204 - ERROR - Timeout occurred for https://www.hepsiburada.com/yatas-black-ice-yayli-yatak-black-ice-visco-yastik-hediyeli-p-HBCV00008OYJ3Z
2025-07-22 09:28:14,908 - ERROR - All 2 retries failed for product ID 21 (https://www.trendyol.com/bissell/spinwave-cordless-kablosuz-zemin-silme-makinesi-p-125828676?boutiqueId=61).
2025-07-22 09:28:57,964 - ERROR - All 2 retries failed for product ID 25 (https://www.trendyol.com/xiaomi/router-ax1500-wifi-6-2-4ghz-5ghz-p-854126763?boutiqueId=681310&merchantId=968&v=1.27.2&utm_campaign=DonanimHaber&utm_medium=referral&utm_source=DonanimHaber).
2025-07-22 09:29:32,844 - ERROR - All 2 retries failed for product ID 27 (https://www.trendyol.com/grillmate/gm60-katlanir-ayakli-ve-dokum-izgarali-mangal-p-804298355).
2025-07-22 09:29:49,294 - ERROR - Timeout occurred for https://www.hepsiburada.com/sonoff-mini-r4-matter-akilli-role-p-HBCV00005TO34S
2025-07-22 09:30:23,385 - ERROR - Timeout occurred for https://www.hepsiburada.com/yatsan-one-by-tempur-20-cm-yatak-p-HBCV00000GSHTW
2025-07-22 09:30:34,750 - ERROR - SELENIUM: Beklenmedik bir hata oluştu: 'NoneType' object has no attribute 'get'
Traceback (most recent call last):
  File "C:\Users\Harun\PycharmProjects\amazonpricealertTelegramBot\amazon.price.alert.py", line 177, in get_hepsiburada_price_with_selenium
    base_price = product_info.get("prices", [{}])[0].get("value")
                 ^^^^^^^^^^^^^^^^
AttributeError: 'NoneType' object has no attribute 'get'
2025-07-22 09:31:10,827 - ERROR - Timeout occurred for https://www.hepsiburada.com/yatsan-one-by-tempur-20-cm-yatak-p-HBCV00000GSHTW
2025-07-22 09:31:21,222 - ERROR - SELENIUM: Beklenmedik bir hata oluştu: 'NoneType' object has no attribute 'get'
Traceback (most recent call last):
  File "C:\Users\Harun\PycharmProjects\amazonpricealertTelegramBot\amazon.price.alert.py", line 177, in get_hepsiburada_price_with_selenium
    base_price = product_info.get("prices", [{}])[0].get("value")
                 ^^^^^^^^^^^^^^^^
AttributeError: 'NoneType' object has no attribute 'get'
2025-07-22 09:31:41,705 - ERROR - All 2 retries failed for product ID 29 (https://www.hepsiburada.com/yatsan-one-by-tempur-20-cm-yatak-p-HBCV00000GSHTW).
2025-07-22 09:31:57,906 - ERROR - Timeout occurred for https://www.hepsiburada.com/dji-osmo-action-5-pro-standard-aksiyon-kamera-p-HBCV000079UXT4
2025-07-22 09:32:30,722 - ERROR - Timeout occurred for https://www.hepsiburada.com/grillmate-gm60-ka-dokum-izgarali-katlanir-ayakli-mangal-pm-HBC00006RKVXF
2025-07-22 09:33:18,582 - ERROR - All 2 retries failed for product ID 32 (https://www.trendyol.com/hoover/hle-c10dg-17-10-kg-nfc-baglantili-kurutma-makinesi-p-216657679).
2025-07-22 09:33:50,020 - ERROR - All 2 retries failed for product ID 33 (https://www.trendyol.com/neutron/akilli-wi-fi-destekli-4-lu-akim-korumali-priz-p-347127121?boutiqueId=61&merchantId=107514&adjust_t=mk12x3o_m4o2h83&adjust_tracker_limit=999999999&utm_campaign=347127121&adjust_campaign=product_free_20256239_TR&adjust_creative=347127121&adjust_adgroup=10629080&utm_term=10629080&link_contentid=347127121&utm_source=share&utm_medium=product_free&link_userID=10629080).
2025-07-22 09:34:28,506 - ERROR - All 2 retries failed for product ID 35 (https://www.mediamarkt.com.tr/tr/product/_meross-matter-akilli-priz-beyaz-1247481.html).
2025-07-22 09:35:00,033 - ERROR - All 2 retries failed for product ID 36 (https://www.trendyol.com/sword/wi-fi-akilli-priz-30w-type-c-akim-korumali-3-lu-priz-3-usb-uzaktan-kontrol-ve-zaman-ayarli-sw-3pu1c-p-698472817?boutiqueId=61&merchantId=405920).
2025-07-22 09:35:16,208 - ERROR - Timeout occurred for https://www.hepsiburada.com/yatas-black-ice-yayli-yatak-black-ice-visco-yastik-hediyeli-p-HBCV00008OYJ3Z
2025-07-22 09:46:42,890 - ERROR - All 2 retries failed for product ID 21 (https://www.trendyol.com/bissell/spinwave-cordless-kablosuz-zemin-silme-makinesi-p-125828676?boutiqueId=61).
2025-07-22 09:47:25,599 - ERROR - All 2 retries failed for product ID 25 (https://www.trendyol.com/xiaomi/router-ax1500-wifi-6-2-4ghz-5ghz-p-854126763?boutiqueId=681310&merchantId=968&v=1.27.2&utm_campaign=DonanimHaber&utm_medium=referral&utm_source=DonanimHaber).
